AMC,Morning star rating,Value Research rating,1 month return,NAV,1 Year return,3 Year Return,Minimum investment,Fund Manager,AUM,Category,Risk
18,3,3,5.51,28.32,37.79,20.29,500,0,256963,1,1
18,0,3,7.25,24.89,46.08,21.93,500,0,32226,1,1
18,4,4,5.94,35.11,54.46,27.48,500,0,329276,1,1
18,0,0,8.37,21.4,59.79,0.0,500,0,52787,1,11
18,4,3,4.06,23.69,32.07,15.18,500,0,57772,1,11
29,4,3,2.64,198.23,54.87,31.46,100,1,256549,1,11
29,0,3,6.74,24.41,34.35,14.9,100,1,307539,1,11
29,2,0,4.88,436.49,34.27,15.88,100,1,323175,1,1
29,3,3,5.31,455.92,46.49,23.52,100,1,451403,1,1
26,0,0,4.63,11.52,0.0,0.0,500,2,64373,2,11
16,0,0,0.63,11.3,7.9,0.0,100,3,11934,3,4
16,0,0,1.56,10.55,0.0,0.0,100,3,14502,0,6
16,0,0,6.6,19.9,53.14,0.0,100,3,1454121,1,11
16,3,0,3.35,224.09,30.2,18.7,100,3,157197,3,11
16,0,0,1.06,10.97,0.0,0.0,100,3,1682,3,6
16,3,3,3.65,20.12,22.08,11.9,100,3,1698847,2,11
16,0,0,6.62,14.73,41.24,0.0,100,3,1831,3,11
16,0,3,3.84,28.71,23.17,14.07,100,3,197707,3,0
16,4,3,1.04,72.69,8.68,5.27,100,3,21613,0,6
16,0,0,0.54,10.33,0.0,0.0,100,3,2292,3,4
16,0,0,12.49,14.19,35.11,0.0,100,3,2446,3,11
16,0,0,3.74,19.39,45.43,0.0,100,3,25200,1,11
16,5,4,2.36,56.8,17.93,10.64,100,3,276072,2,8
16,0,0,1.02,11.86,8.82,0.0,100,3,286361,3,6
16,0,0,5.95,11.69,18.63,0.0,100,3,3061,3,11
16,0,0,4.07,16.23,26.84,11.8,100,3,312417,3,11
16,0,0,3.36,17.2,59.73,0.0,100,3,33933,3,11
16,3,3,1.53,94.34,9.26,5.71,100,3,364314,0,6
16,3,3,1.53,92.22,9.25,5.71,100,3,364314,0,6
16,0,0,9.27,13.97,0.0,0.0,100,3,37457,1,11
16,0,0,0.0,10.37,0.0,0.0,100,3,4157,3,11
16,0,0,6.76,11.29,0.0,0.0,100,3,4384,3,11
16,0,0,10.78,12.89,0.0,0.0,100,3,53533,1,11
16,0,0,1.42,11.62,9.46,0.0,100,3,5495,3,8
16,0,0,0.7,11.55,8.15,0.0,100,3,57576,3,6
16,4,5,2.39,25.53,20.39,12.76,100,3,711471,2,8
16,0,0,3.86,13.12,0.0,0.0,100,3,728022,2,11
16,0,0,1.59,9.22,0.0,0.0,100,3,7571,3,2
16,0,2,5.06,16.37,26.97,14.08,100,3,75107,3,11
16,0,0,0.62,11.51,8.15,0.0,100,3,809336,3,4
16,0,0,9.0,14.52,0.0,0.0,100,3,89909,1,11
16,0,0,0.0,10.45,0.0,0.0,100,3,936,3,6
16,0,0,9.77,21.65,60.84,0.0,100,3,9158,3,11
16,0,0,5.71,14.41,22.63,0.0,100,3,94882,1,11
16,0,0,0.0,0.0,0.0,0.0,100,3,0,3,11
16,0,0,4.97,16.0,55.65,0.0,500,3,89874,1,11
19,3,4,0.58,2592.72,7.34,6.0,500,4,1264837,0,4
19,0,4,0.54,1259.04,6.74,5.63,500,4,61604,0,2
29,0,4,0.81,11.61,7.94,0.0,150,5,177893,0,6
20,4,4,9.28,54.55,66.25,25.68,500,6,398377,1,11
20,4,5,9.15,33.62,59.53,25.94,500,6,581075,1,11
21,0,0,10.82,12.44,0.0,0.0,10,7,1114,3,11
21,0,0,4.95,12.6,22.95,0.0,10,7,1171,3,11
21,2,2,5.15,20.84,24.79,13.81,10,7,11192,2,11
21,0,0,5.62,10.29,0.0,0.0,10,7,1525,3,11
21,0,0,5.4,20.49,46.09,0.0,10,7,20307,3,11
21,0,3,5.06,16.3,27.25,14.31,10,7,24487,3,11
21,0,2,4.88,24.08,26.42,15.3,10,7,27885,1,11
21,1,1,5.76,37.11,28.66,16.32,10,7,32875,1,1
21,2,2,1.37,26.27,10.06,6.03,10,7,3575,2,6
21,0,0,3.83,18.01,52.32,0.0,10,7,4954,3,11
21,0,0,4.13,13.32,13.01,0.0,10,7,51144,3,11
21,0,0,5.34,17.55,64.49,0.0,10,7,6036,3,11
21,0,0,4.77,14.6,26.98,0.0,10,7,9448,3,11
21,0,0,4.8,14.51,28.85,0.0,10,7,9605,3,11
21,1,0,4.93,30.6,27.84,15.02,500,7,6726,1,11
21,0,0,4.99,14.9,25.89,0.0,500,7,6727,3,11
2,4,1,1.38,1220.55,9.7,6.63,100,8,25941,0,6
2,0,5,3.51,21.78,22.78,14.61,100,8,55596,3,0
2,4,4,0.68,2470.27,7.25,5.45,1000,8,1328268,0,6
2,0,0,0.3,11.52,7.4,0.0,1000,8,28496,3,4
2,0,0,5.27,15.04,19.27,0.0,1000,8,510,3,11
2,3,3,0.54,13.93,6.82,5.47,1000,8,594905,0,4
2,0,5,0.54,1300.89,6.79,5.67,500,8,787574,0,2
10,4,4,5.63,111.74,36.94,20.48,500,9,1274006,1,9
10,4,3,3.17,145.29,59.67,32.42,500,9,290432,1,11
20,0,0,7.68,12.91,0.0,0.0,500,10,113853,1,11
20,0,0,10.9,12.35,0.0,0.0,500,10,147577,1,11
20,0,0,5.95,13.74,0.0,0.0,500,10,236314,1,11
20,0,0,5.04,11.06,0.0,0.0,500,10,3084,1,11
20,0,0,0.0,10.9,0.0,0.0,500,10,58895,1,11
20,0,0,0.0,11.07,0.0,0.0,500,10,78331,1,11
32,0,1,8.05,333.47,27.89,8.18,500,11,2705306,1,11
29,0,0,1.02,33.68,8.18,5.59,0,12,76315,0,6
29,3,4,0.67,11.96,7.27,5.88,500,12,19711,0,4
29,4,4,0.57,3701.9,7.17,5.68,500,12,264114,0,4
29,3,2,0.54,13.4,6.79,5.43,500,12,273378,0,4
29,3,3,1.02,73.84,8.18,5.54,500,12,76315,0,6
17,1,2,6.88,26.48,42.83,19.12,1000,13,12694,1,1
17,2,3,6.96,22.88,31.5,15.02,1000,13,15271,1,11
17,2,1,4.7,30.83,53.11,20.62,1000,13,32826,1,1
17,3,3,6.78,34.03,56.19,28.26,1000,13,34802,1,12
17,0,0,6.34,32.24,59.61,24.3,1000,13,39161,1,5
17,0,1,8.89,29.94,55.38,14.38,1000,13,7164,1,11
5,2,2,2.7,25.31,22.28,15.38,1000,14,13994,2,11
5,0,4,4.05,36.76,55.3,24.3,1000,14,183457,1,7
5,0,1,0.5,13.13,6.91,4.93,1000,14,3568,2,2
5,0,0,2.19,11.02,0.0,0.0,1000,14,35141,2,0
5,0,0,0.0,10.04,0.0,0.0,1000,14,56317,1,11
5,4,5,1.0,33.31,12.21,13.23,1000,14,658,2,8
5,5,5,3.46,39.51,42.48,19.76,1000,14,97812,2,1
5,4,0,1.04,34.37,12.66,13.48,10000,14,658,2,8
5,5,0,1.98,186.22,44.59,19.5,500,14,148726,1,7
5,5,5,1.96,172.53,44.23,19.18,500,14,148726,1,7
5,3,3,0.28,11.61,6.0,39.07,5000,14,1150,0,8
32,4,4,2.34,66.75,16.32,10.01,500,15,164072,2,8
32,3,0,0.53,3682.46,6.79,5.45,500,15,2329082,0,6
32,4,4,0.57,4055.46,7.32,6.0,500,15,2329082,0,6
32,3,5,1.12,69.19,8.12,10.4,500,15,30707,0,6
22,3,5,6.88,217.11,45.54,24.47,100,16,170054,1,1
22,3,3,6.3,1474.68,46.62,21.52,100,16,537502,1,1
29,4,3,7.3,39.93,21.9,14.84,100,17,23024,1,11
29,3,3,3.83,515.8,33.68,16.15,100,17,247214,1,7
14,0,0,0.0,10.59,0.0,0.0,500,18,74406,1,11
14,3,2,3.18,53.23,26.53,12.84,500,18,86559,2,11
18,0,0,10.39,9.11,11.88,0.0,500,19,2064,3,11
32,3,3,6.0,173.27,45.66,20.32,500,20,1054309,1,1
32,2,2,5.35,174.09,23.3,14.05,500,20,115006,1,11
32,3,0,4.23,186.2,49.94,20.01,500,20,44604,1,5
17,0,3,7.16,106.6,36.14,16.64,1000,21,110879,1,7
17,2,2,6.0,157.64,36.59,17.07,1000,21,119226,1,7
14,4,4,6.12,70.78,39.91,17.3,100,22,123812,1,7
14,4,4,4.54,68.22,66.96,31.7,500,22,165996,1,11
14,0,0,5.64,25.84,25.7,14.21,500,22,235,3,11
14,3,3,2.84,16.67,22.28,10.05,500,22,26446,2,8
14,0,0,7.3,7.85,11.81,9.03,500,22,28574,3,11
14,3,2,7.09,131.51,43.43,17.26,500,22,299074,1,7
14,0,0,4.39,16.82,11.65,8.19,500,22,3838,3,11
14,3,0,9.44,138.62,49.54,20.67,500,22,386496,1,1
14,0,0,3.32,15.23,27.73,0.0,500,22,4007,3,11
14,2,3,6.24,22.65,39.21,16.31,500,22,52202,2,7
32,3,5,0.54,3341.45,6.76,5.64,500,23,309695,0,2
29,3,0,0.0,13.18,0.0,0.0,150,24,20753,0,4
29,0,0,0.61,11.48,7.6,0.0,500,24,111081,3,4
29,0,0,0.67,11.23,7.82,0.0,500,24,1179,3,4
29,0,0,0.94,11.39,8.78,0.0,500,24,17786,3,6
29,5,3,0.57,3892.45,7.3,5.95,500,24,1985261,0,4
29,4,4,0.59,4443.64,7.61,6.21,500,24,2762833,0,4
29,0,3,0.53,1293.58,6.7,5.58,500,24,494157,0,2
29,0,0,0.71,11.6,8.11,0.0,500,24,86654,3,4
22,0,0,0.64,25.48,7.24,5.92,0,25,286,0,2
22,0,0,0.62,34.25,7.07,5.8,5000,25,286,0,2
9,0,0,6.91,15.59,0.0,0.0,100,26,239622,1,11
9,0,0,8.33,12.13,0.0,0.0,100,26,63405,1,11
11,3,4,7.1,16.0,22.96,14.73,100,27,361822,1,11
10,0,4,5.6,1676.01,41.26,22.05,500,28,178428,1,7
10,0,0,8.0,559.01,50.56,17.24,500,28,189247,1,1
10,3,4,3.47,268.8,29.71,15.18,500,28,202967,2,11
10,4,3,1.65,86.57,14.49,8.5,500,28,20655,2,8
10,0,3,1.65,86.57,14.49,8.5,500,28,20655,2,8
10,4,4,3.65,759.29,40.79,25.86,500,28,227896,1,11
10,3,0,2.2,148.07,49.28,24.38,500,28,256112,1,1
10,2,2,1.34,15.74,11.72,7.85,500,28,6713,2,4
10,3,4,5.7,1521.92,42.29,22.31,500,28,714311,1,7
10,2,2,5.45,1039.86,33.49,14.18,500,28,82346,1,11
11,4,4,0.75,29.97,8.01,5.83,100,29,141052,0,6
11,4,4,0.57,14.29,7.27,5.85,100,29,1454331,0,4
11,4,3,0.56,29.06,7.74,5.95,100,29,1581935,2,2
11,3,3,1.21,52.35,9.15,5.5,100,29,264504,0,6
11,0,4,3.25,17.15,24.01,15.56,100,29,324396,3,0
11,5,3,3.04,68.22,23.8,13.31,100,29,352455,2,0
11,1,5,3.09,39.87,21.86,15.25,100,29,4854,3,0
11,4,3,1.8,64.28,17.19,10.82,100,29,505175,2,8
11,4,4,0.72,21.56,7.55,5.52,100,29,591926,0,6
11,3,3,1.17,85.12,9.04,5.21,100,29,74788,0,6
11,0,3,1.17,85.12,9.04,5.21,100,29,74788,0,6
11,0,3,1.17,85.12,9.04,5.21,100,29,74788,0,6
11,5,5,1.87,510.83,33.79,23.75,100,29,9539146,2,7
11,3,2,0.53,3626.68,6.68,5.56,100,29,95779,0,2
11,3,0,0.55,28.19,7.62,5.72,5000,29,1581935,2,2
8,0,0,0.0,10.09,0.0,0.0,100,30,0,3,11
8,0,0,8.32,22.85,29.35,9.7,100,30,112141,1,11
8,0,0,9.68,13.53,0.0,0.0,100,30,15202,3,11
8,0,4,5.79,26.14,37.6,19.38,100,30,178749,3,3
8,0,0,5.32,15.49,35.83,0.0,100,30,30345,3,11
8,0,0,3.73,11.74,0.0,0.0,100,30,3544,3,0
8,0,0,4.14,10.59,0.0,0.0,100,30,4024,3,11
8,0,3,5.05,24.28,27.18,14.27,100,30,63065,3,11
8,0,4,5.34,29.09,64.99,20.95,100,30,77791,3,3
1,0,0,6.06,34.13,49.43,18.56,100,31,119084,1,11
1,0,0,4.5,15.59,34.22,0.0,100,31,187998,1,11
1,0,2,7.1,1804.24,36.75,15.92,100,31,2322833,1,7
1,2,2,7.74,825.5,45.57,21.98,100,31,614892,1,1
1,0,0,7.53,25.0,42.37,17.28,100,31,80458,1,1
23,1,1,7.58,16.74,37.55,16.8,1000,32,157803,1,12
23,0,2,6.67,36.8,29.4,11.51,1000,32,656198,1,11
13,0,0,4.95,18.45,54.65,0.0,100,33,62128,1,11
22,0,4,0.51,25.21,7.55,5.9,100,34,158274,2,2
22,4,4,0.59,3905.17,7.6,6.28,100,34,1758183,0,4
22,5,3,0.57,6033.3,7.31,5.96,100,34,3255232,0,6
22,4,3,0.56,3523.72,7.05,5.64,100,34,626157,0,4
22,4,3,0.72,42.24,7.73,5.79,100,34,770805,0,6
22,0,4,0.54,131.71,6.72,5.62,100,34,849893,0,2
22,0,0,4.17,18.86,16.26,0.69,1000,34,27105,1,11
22,0,0,4.89,31.79,22.55,7.64,1000,34,68211,1,11
22,4,0,0.54,3350.61,6.88,5.51,500,34,626157,0,4
22,0,0,0.46,32.45,6.69,5.69,5000,34,275,0,2
22,0,0,0.46,31.9,5.95,5.45,5000,34,319,0,2
22,0,0,0.46,31.69,6.0,5.24,5000,34,365,0,2
22,0,0,0.47,32.83,6.64,5.99,5000,34,366,0,2
22,4,0,0.52,5369.18,6.72,5.33,5000,34,3255232,0,6
22,0,0,0.56,34.21,7.33,6.15,5000,34,4837,0,6
32,2,2,6.12,324.15,41.91,20.3,500,35,1264634,1,1
32,2,2,7.48,26.92,40.85,23.2,500,35,457285,1,12
32,0,0,6.89,13.18,0.0,0.0,500,35,82098,1,11
19,3,3,6.23,37.47,41.75,22.22,500,36,1756099,1,1
19,0,0,5.4,14.31,37.0,0.0,500,36,340275,1,11
19,4,4,7.44,101.32,43.99,22.78,500,36,423321,1,1
30,0,2,3.81,240.02,36.02,17.29,500,37,38717,1,7
30,1,2,2.99,161.48,36.44,16.12,500,37,5198,1,7
30,0,2,2.99,161.48,36.44,16.12,500,37,5198,1,7
12,3,2,6.88,25.64,37.43,15.66,500,38,181076,1,11
12,3,3,5.34,492.11,34.29,15.65,500,38,201536,1,11
20,0,1,7.26,14.31,15.24,9.94,500,39,11021,2,11
20,0,0,5.13,11.86,0.0,0.0,500,39,3361,3,11
20,0,0,0.0,11.66,0.0,0.0,500,39,3644,3,11
4,2,3,5.56,156.4,39.04,23.26,100,40,1041226,1,1
4,4,4,6.67,138.17,55.87,26.66,100,40,655258,1,9
4,3,3,10.28,48.18,75.93,28.98,100,40,75342,1,12
4,0,3,6.63,213.11,36.79,16.69,100,40,775792,1,7
4,3,2,5.89,25.21,29.7,13.98,100,40,78847,2,11
30,2,0,5.08,140.55,41.04,17.74,500,41,24026,1,1
13,0,0,0.69,11.54,8.4,0.0,500,42,178075,3,4
13,0,0,0.62,11.31,7.97,0.0,500,42,26479,3,4
13,0,0,0.69,11.6,8.07,0.0,500,42,879386,3,4
13,0,0,0.9,11.74,9.14,0.0,500,42,92801,3,6
13,0,0,0.79,11.7,8.7,0.0,500,42,95691,3,6
11,4,2,0.54,54.4,7.09,5.72,100,43,1794045,0,4
11,4,4,0.81,30.48,8.08,5.83,100,43,303708,0,6
2,3,4,7.62,108.36,39.6,22.75,100,44,2377171,1,12
2,0,0,7.46,18.15,53.04,0.0,100,44,655148,1,11
32,4,0,0.56,6706.89,7.06,5.75,10000,45,1506664,0,6
32,4,0,0.67,5903.26,6.99,7.17,10000,45,279482,0,4
32,4,5,0.61,2900.52,7.59,6.27,500,45,1506664,0,6
32,0,0,1.18,11.81,9.14,0.0,500,45,16456,0,6
32,5,5,0.7,3335.79,7.47,7.65,500,45,279482,0,4
32,0,0,3.02,12.19,19.33,0.0,500,45,303671,2,8
32,4,4,0.77,15.34,7.76,5.54,500,45,394343,0,6
32,5,1,0.62,20.55,7.47,7.72,500,45,83184,0,6
16,3,3,4.88,25.59,36.57,16.52,100,46,367218,1,9
16,0,0,8.93,10.37,15.35,0.69,100,46,6171,3,11
16,0,0,5.57,10.04,23.02,0.21,100,46,74407,3,11
16,2,0,1.55,22.5,12.38,0.74,100,46,8866,3,11
11,0,0,2.44,11.82,0.0,0.0,100,47,11432,3,11
11,0,0,5.28,15.96,35.5,0.0,100,47,16854,3,11
11,0,0,5.42,18.73,46.34,0.0,100,47,22337,3,11
11,0,0,7.81,20.0,51.71,0.0,100,47,30101,3,11
11,0,0,6.91,10.84,0.0,0.0,100,47,34066,3,11
11,0,0,0.0,10.22,0.0,0.0,100,47,3820,3,11
11,0,0,3.35,12.2,0.0,0.0,100,47,77462,3,11
2,0,0,4.73,17.49,38.37,17.06,100,48,117398,1,9
2,0,0,4.15,10.59,0.0,0.0,100,48,12211,3,11
2,0,0,5.9,18.92,39.01,13.11,100,48,127878,1,11
2,0,3,5.0,22.4,32.39,14.53,100,48,16952,3,11
2,0,0,5.82,16.9,38.52,0.0,100,48,284111,1,11
2,0,0,4.97,11.39,0.0,0.0,100,48,4553,3,11
22,0,5,4.03,20.08,29.85,18.56,100,49,25613,3,11
22,3,0,4.64,71.82,44.16,21.85,100,49,8275,1,9
9,0,4,6.38,39.48,46.28,20.26,100,50,234048,1,7
9,2,2,5.78,113.51,37.6,17.38,500,50,40356,1,7
15,2,4,4.06,21.21,43.16,22.91,100,51,16483,1,9
15,3,2,0.48,31.06,7.22,5.57,100,51,17985,2,2
15,0,0,8.81,10.95,0.0,0.0,100,51,51594,1,11
15,4,5,4.81,130.14,48.7,23.46,100,51,57807,2,7
15,4,4,5.89,52.26,51.46,22.94,500,51,18135,1,7
8,0,3,7.68,106.95,39.11,16.44,100,52,1213936,1,7
1,2,1,6.31,61.63,35.04,13.14,500,53,1683053,1,11
1,2,1,6.31,61.63,35.04,13.14,500,53,1683053,1,11
1,0,0,0.0,47.49,0.0,0.0,500,53,3146,1,11
7,3,3,4.83,358.9,28.85,13.27,1000,54,1109459,2,11
7,3,2,1.12,28.12,8.2,5.12,1000,54,11152,0,6
7,0,2,1.12,28.12,8.2,5.12,1000,54,11152,0,6
7,3,2,0.94,52.84,7.89,4.49,1000,54,11618,0,6
7,0,2,0.94,52.84,7.89,4.49,1000,54,11618,0,6
7,3,3,1.36,72.04,9.32,5.66,1000,54,1171,0,6
7,0,3,1.36,72.04,9.32,5.66,1000,54,1171,0,6
7,4,3,0.56,39.7,7.15,5.67,1000,54,121856,0,4
7,0,0,0.67,11.37,7.29,0.0,1000,54,23824,0,6
7,5,5,0.58,2973.87,7.35,6.02,1000,54,376388,0,4
7,3,4,2.19,92.98,13.06,7.37,1000,54,96897,2,8
7,0,4,2.19,92.98,13.06,7.37,1000,54,96897,2,8
19,0,4,5.17,25.56,35.78,17.47,500,55,87874,3,7
9,4,0,5.13,87.33,34.04,16.55,100,56,108135,1,7
9,4,0,5.14,86.19,34.04,16.56,100,56,108135,1,7
9,4,4,5.14,86.8,34.03,16.52,100,56,108135,1,7
9,0,0,0.68,14.99,9.47,4.43,100,56,10961,3,11
9,0,0,2.88,30.57,16.61,9.68,100,56,11307,3,11
9,0,0,2.34,14.46,17.45,0.0,100,56,11396,3,11
9,4,4,3.53,51.05,25.55,12.6,100,56,1239909,2,11
9,0,0,1.22,32.89,4.7,13.14,100,56,124431,3,11
9,0,2,6.03,20.32,41.47,16.18,100,56,15958,3,1
9,0,0,5.18,10.18,0.0,0.0,100,56,187867,1,11
9,0,0,5.23,16.97,39.44,0.0,100,56,20559,3,11
9,0,0,5.61,22.72,21.75,4.65,100,56,218126,3,11
9,0,0,6.65,15.7,39.12,0.0,100,56,536,3,11
9,0,0,4.15,19.29,58.5,0.0,100,56,63665,3,11
9,0,0,5.31,17.18,64.35,0.0,100,56,6905,3,11
9,0,0,4.13,19.78,20.84,7.54,100,56,7822,3,11
9,0,0,7.92,19.01,52.4,0.0,100,56,7955,3,11
9,0,0,10.13,28.06,16.26,6.47,100,56,7984,3,11
9,0,0,3.96,11.35,0.0,0.0,100,56,9179,3,11
9,0,0,5.06,14.33,26.73,0.0,100,56,9451,3,11
9,0,0,8.44,28.16,36.18,12.44,100,56,96042,1,11
1,4,3,1.05,118.63,8.34,5.47,1000,57,20121,0,6
1,4,4,1.33,77.46,10.01,5.79,1000,57,205376,0,6
1,4,4,1.33,77.46,10.01,5.79,1000,57,205376,0,6
1,0,0,1.43,12.08,10.17,0.0,500,57,13186,0,6
1,0,0,0.66,10.26,0.0,0.0,500,57,197,3,4
1,0,0,0.72,11.14,7.77,0.0,500,57,2857,3,4
1,0,0,0.6,11.5,7.61,0.0,500,57,33733,3,4
1,0,0,0.61,11.57,7.95,0.0,500,57,418524,3,4
1,0,0,0.57,11.27,7.4,0.0,500,57,5136,3,4
1,0,0,0.58,11.48,7.53,0.0,500,57,7628,3,4
1,0,0,1.05,10.73,0.0,0.0,500,57,8785,3,6
23,1,1,4.5,127.63,23.09,9.34,1000,58,21879,2,11
4,0,3,0.53,1307.15,6.71,5.59,100,59,139536,0,2
4,0,0,0.0,0.0,0.0,0.0,100,59,0,3,11
4,0,0,0.48,10.94,6.54,0.0,1000,59,15044,3,11
1,4,3,7.08,228.72,38.96,18.93,100,60,601067,1,1
29,3,3,6.18,554.22,33.64,19.03,100,61,841241,1,1
29,4,4,8.4,43.49,50.95,28.31,100,61,887832,1,12
11,3,3,3.85,117.08,21.9,14.61,100,62,2464467,2,11
11,3,2,6.83,143.95,38.03,25.93,100,62,3389379,1,11
11,4,4,6.21,193.57,47.9,28.94,100,62,7529623,1,1
4,4,4,5.35,159.23,31.8,19.82,500,63,723492,1,7
16,4,2,0.55,40.5,7.02,5.74,100,64,1264415,0,4
16,4,4,0.77,3530.3,7.99,5.78,100,64,1350655,0,6
16,4,3,0.67,48.94,7.41,5.24,100,64,1607888,0,6
16,4,2,1.07,21.3,9.28,5.71,100,64,168174,0,8
16,4,3,1.43,35.56,10.02,5.9,100,64,271287,0,8
16,5,3,0.57,4997.93,7.29,5.94,100,64,3366734,0,4
16,3,2,0.61,1413.05,7.72,5.72,100,64,408692,0,4
16,0,3,0.54,1308.62,6.7,5.59,100,64,537304,0,2
16,4,3,0.8,61.31,7.85,5.74,100,64,581097,0,6
16,3,1,1.01,27.98,9.12,5.0,100,64,77946,0,0
16,4,1,0.5,3148.83,6.88,5.46,100,64,948909,0,4
16,4,4,0.6,4226.77,7.56,6.21,1000,64,2823485,0,4
14,2,5,0.55,30.27,7.73,6.31,500,65,1736172,2,2
2,4,4,0.81,26.14,8.41,6.17,100,66,19460,0,8
2,3,2,2.3,28.92,11.21,6.18,100,66,30682,2,8
2,0,3,0.51,17.73,7.62,5.95,100,66,557838,2,2
2,4,4,0.75,15.96,7.75,5.68,100,66,577039,0,6
2,4,4,0.6,1346.37,7.59,6.2,1000,66,1558307,0,4
2,0,0,1.51,1180.41,11.45,0.0,1000,66,3872,0,6
2,4,3,0.7,20.03,7.73,5.96,1000,66,43683,0,8
2,3,4,1.41,24.16,10.71,6.01,1000,66,50357,0,6
2,0,0,0.57,11.45,7.2,0.0,1000,66,54336,3,4
2,4,4,0.57,2908.22,7.34,5.88,1000,66,55991,0,4
2,4,0,0.69,28.88,7.67,5.62,1000,66,912074,0,6
2,5,5,0.57,2751.49,7.37,6.04,500,66,288081,0,6
2,4,0,0.53,2529.52,6.84,5.51,500,66,288081,0,6
2,4,0,0.57,2726.6,7.34,5.88,5000,66,55991,0,4
2,4,0,0.69,28.54,7.63,5.61,5000,66,912074,0,6
16,0,0,8.19,10.61,0.0,0.0,100,67,239467,1,11
16,0,4,5.33,21.43,64.66,20.85,100,67,34081,3,3
31,0,3,0.53,1291.67,6.71,5.59,500,68,24545,0,2
31,0,2,0.54,13.34,7.66,5.74,500,68,24928,2,2
13,0,5,4.43,30.87,47.26,24.44,100,69,1463,3,7
1,3,0,3.97,484.99,50.34,24.82,100,70,160043,1,11
1,0,0,4.92,15.36,0.0,0.0,100,70,166631,1,11
1,4,3,7.29,57.83,20.43,14.07,100,70,327054,1,11
1,0,0,1.76,11.11,0.0,0.0,100,71,19656,3,11
1,1,0,3.8,31.7,28.67,9.34,100,71,20183,3,11
1,4,0,3.36,24.17,22.3,4.63,100,71,24039,3,11
1,0,0,0.98,10.68,0.0,0.0,100,71,8425,3,11
1,0,0,0.0,35.79,0.0,0.0,1000,71,1304,1,11
1,2,0,5.8,35.33,16.19,4.71,1000,71,19183,1,11
1,0,0,4.06,13.32,26.67,0.0,500,71,38167,3,11
1,0,0,4.59,14.11,25.55,0.0,100,72,358233,2,11
1,2,1,1.55,20.9,10.99,5.97,100,72,60226,2,6
1,0,2,5.37,32.38,54.04,17.62,100,72,86261,1,9
1,0,1,5.04,18.43,26.54,11.64,500,72,11548,3,11
1,0,0,0.62,12.57,6.26,3.68,500,72,1596,3,6
1,0,1,2.13,14.01,12.71,6.88,500,72,2664,3,8
1,0,1,6.06,20.05,33.13,14.06,500,72,40959,3,11
9,0,0,1.13,11.97,9.79,0.0,100,73,100046,3,6
9,0,0,0.56,10.93,7.47,0.0,100,73,105244,2,2
9,0,4,0.52,18.38,7.68,6.06,100,73,1230473,2,2
9,0,0,0.76,11.57,8.41,0.0,100,73,17713,3,6
9,4,0,4.34,62.2,33.94,18.94,100,73,207712,2,7
9,4,5,4.35,62.86,33.94,18.82,100,73,207712,2,7
9,0,0,1.13,11.54,9.24,0.0,100,73,220906,3,6
9,5,2,0.96,23.1,7.92,5.4,100,73,27135,0,6
9,0,0,0.64,11.62,7.8,0.0,100,73,303607,3,4
9,0,0,1.44,11.8,9.28,0.0,100,73,445703,3,6
9,0,0,0.93,12.56,8.65,6.1,100,73,456648,3,6
9,0,0,0.67,12.33,7.32,5.01,100,73,469435,3,4
9,3,4,2.37,23.97,17.28,9.55,100,73,47171,2,6
9,0,0,0.05,14.04,8.26,6.2,100,73,683084,3,6
9,4,0,0.54,23.0,6.78,5.18,100,73,72174,0,4
9,3,2,0.54,26.88,6.79,5.18,100,73,72174,0,4
9,0,0,0.55,11.43,7.31,0.0,100,73,83763,3,4
9,0,0,0.57,12.2,7.41,5.11,100,73,92844,3,4
9,0,0,0.64,11.53,8.02,0.0,100,73,9483,3,4
9,0,0,0.0,12.31,0.0,0.0,500,73,31963,3,2
26,0,0,2.71,10.23,0.0,0.0,500,74,20083,1,11
26,0,0,0.5,1125.69,6.41,0.0,500,74,6957,0,2
26,0,0,2.65,15.12,45.38,0.0,500,74,8917,1,11
14,5,4,6.91,127.93,38.72,17.08,100,75,97828,1,1
14,1,0,0.02,65.98,70.84,35.82,500,75,159341,1,11
22,2,2,1.19,54.34,9.64,7.86,100,76,82574,2,0
5,4,4,8.16,50.66,52.18,26.47,1000,77,14223,1,12
5,2,2,3.83,16.8,38.84,14.7,1000,77,19189,1,11
11,0,0,8.08,16.24,0.0,0.0,100,78,116959,1,11
11,0,0,10.13,14.59,45.1,0.0,100,78,131994,1,11
11,0,0,3.61,11.21,0.0,0.0,100,78,1327818,1,11
27,0,0,0.61,11.51,7.65,0.0,500,79,1023451,3,4
27,0,0,0.69,11.54,8.35,0.0,500,79,10960,3,4
27,0,4,3.69,19.26,25.14,16.61,500,79,15446,3,7
27,4,0,1.2,59.69,9.32,5.49,500,79,165812,0,6
27,0,3,1.8,13.73,12.31,8.75,500,79,17788,3,8
27,5,4,0.97,66.67,8.2,5.7,500,79,179209,0,8
27,0,0,0.92,11.68,8.82,0.0,500,79,218437,3,6
27,0,0,1.21,11.95,10.3,0.0,500,79,251277,3,6
27,0,4,4.23,20.96,28.41,18.79,500,79,276333,3,7
27,0,4,2.35,15.28,16.22,11.05,500,79,27715,3,0
27,4,4,1.22,33.87,9.05,6.37,500,79,319585,0,6
27,4,0,1.39,14.9,22.39,13.88,500,79,3244091,2,8
27,4,4,0.84,47.99,7.84,5.82,500,79,61954,0,8
27,5,5,1.28,62.75,9.73,6.73,500,79,950076,0,6
27,5,0,1.28,37.64,9.73,6.73,5000,79,950076,0,6
27,5,0,1.28,40.28,9.73,6.73,5000,79,950076,0,6
27,5,5,4.03,449.6,53.05,27.28,500,80,2800003,1,7
27,2,5,2.44,398.91,43.16,27.84,500,80,394325,1,1
27,4,4,3.72,56.47,25.52,15.27,500,80,58658,2,11
28,0,0,0.71,74.08,6.4,3.61,0,81,4305,0,6
28,0,0,6.52,10.83,0.0,0.0,100,81,14043,1,11
28,0,0,4.27,11.58,0.0,0.0,100,81,237807,2,0
28,4,3,2.99,68.26,18.77,11.17,100,81,92621,2,6
28,3,2,0.5,2552.57,6.28,4.96,1000,81,190867,0,4
28,3,3,0.59,14.11,7.37,5.95,1000,81,22986,0,4
28,3,3,2.17,28.8,11.53,9.11,1000,81,2724,2,8
28,3,0,0.0,35.62,0.0,0.0,1000,81,3287,0,6
28,4,3,0.82,40.34,7.85,5.42,1000,81,33274,0,6
28,2,5,0.79,3269.15,7.13,8.13,1000,81,33707,0,6
28,0,0,0.71,65.56,6.4,3.62,1000,81,4305,0,6
28,1,3,0.57,2181.72,7.3,5.98,1000,81,539604,0,4
28,3,5,1.07,41.63,7.89,8.05,250,81,18237,0,6
28,0,3,0.53,1303.2,6.68,5.58,250,81,66033,0,2
28,4,3,0.85,37.63,7.78,5.41,250,81,71218,0,6
28,0,1,0.49,13.73,7.24,5.29,500,81,15829,2,2
19,0,0,5.5,18.82,30.87,12.28,500,82,10836,3,11
19,0,0,3.82,19.13,52.92,0.0,500,82,11691,3,11
19,0,0,2.59,10.15,0.0,0.0,500,82,16868,3,11
19,0,0,5.49,11.94,0.0,0.0,500,82,17944,3,11
19,0,0,3.29,11.02,0.0,0.0,500,82,18078,3,11
19,0,0,1.34,19.79,44.76,19.06,5000,82,147485,3,1
19,0,0,1.45,15.32,28.49,0.0,5000,82,53146,3,11
19,0,0,1.01,6.83,9.45,0.0,5000,82,6694,3,11
18,0,3,5.5,16.78,34.82,18.63,500,83,149153,1,11
18,4,0,5.86,36.73,44.23,22.48,500,83,468616,1,1
19,3,2,6.1,114.06,27.32,13.19,500,84,4159292,1,11
19,3,4,5.83,18.99,21.06,14.86,500,85,182194,1,11
19,2,1,8.97,26.21,24.98,10.54,500,86,841324,1,11
12,0,0,10.56,15.19,51.36,0.0,500,87,154165,1,11
12,3,2,1.2,20.62,10.45,5.84,500,87,2533,3,8
12,2,0,7.07,92.52,42.45,18.83,500,87,25646,1,7
12,3,3,6.09,137.19,48.28,19.51,500,87,442131,1,7
12,4,3,3.93,40.69,30.7,14.99,500,87,4554,3,11
12,3,2,3.32,35.14,25.93,12.9,500,87,6065,3,0
4,0,0,1.69,10.59,0.0,0.0,100,88,13599,0,6
4,0,0,0.7,11.42,8.33,0.0,100,88,16726,3,4
4,0,0,4.37,11.78,0.0,0.0,100,88,172788,2,11
4,0,0,3.31,12.46,0.0,0.0,100,88,1762,3,11
4,3,2,0.67,15.5,7.09,4.96,100,88,33045,0,8
4,0,0,0.61,11.47,7.56,0.0,100,88,48812,3,4
4,0,0,0.76,12.15,8.18,5.33,100,88,49402,3,4
4,3,2,0.57,37.95,6.86,5.48,100,88,751829,0,4
4,0,0,0.68,12.09,8.01,5.21,100,88,829629,3,4
11,0,0,5.91,19.87,44.38,0.0,100,89,1718576,1,11
11,3,4,5.81,350.62,42.96,24.92,100,89,2371231,1,11
11,0,0,5.25,26.47,41.74,24.54,100,89,620255,1,5
11,2,2,6.25,755.05,45.05,21.33,100,89,773337,1,7
31,0,0,4.87,11.85,0.0,0.0,500,90,55977,1,11
31,0,0,7.91,14.32,44.06,0.0,500,90,82431,1,11
2,0,0,0.95,10.5,0.0,0.0,1000,91,2171,3,6
2,0,0,0.62,11.5,8.26,0.0,1000,91,221722,3,4
30,3,3,3.87,50.96,19.34,13.95,500,91,1109,1,11
30,3,2,4.46,131.5,35.18,21.58,500,91,14033,1,1
13,0,0,3.35,19.46,57.57,0.0,100,92,328287,1,11
16,3,5,5.19,71.54,54.56,31.1,100,93,244666,1,1
16,0,0,5.95,30.95,44.36,19.0,100,93,271966,1,1
16,4,4,5.17,579.34,33.76,15.42,100,93,946507,1,11
1,0,0,4.33,10.37,0.0,0.0,500,93,271088,1,11
27,0,0,7.8,19.98,51.91,0.0,500,94,108734,3,11
27,0,0,7.45,9.39,0.0,0.0,500,94,26848,3,11
27,0,0,5.43,19.05,46.66,0.0,500,94,62667,3,11
16,0,0,6.32,17.84,32.94,12.64,100,95,100812,1,11
16,4,4,4.87,348.69,41.71,21.08,100,95,2529275,1,9
16,0,3,4.63,83.97,34.46,16.57,100,95,5295561,1,7
16,4,4,4.68,120.49,37.06,19.47,500,95,629777,1,7
4,5,3,0.57,2987.56,7.29,5.97,100,96,1279236,0,4
4,4,3,0.78,41.11,7.76,5.39,100,96,16225,3,6
4,0,0,6.07,17.89,41.48,0.0,100,96,248834,1,11
4,0,0,3.89,14.09,32.61,12.01,100,96,31501,3,11
4,4,0,1.2,42.72,9.88,5.24,100,96,3397,0,6
4,4,3,0.57,14.36,7.26,5.85,100,96,368668,0,4
4,4,3,0.56,36.33,7.16,5.65,100,96,58680,0,4
4,0,0,3.87,18.87,53.14,0.0,100,96,59509,1,11
4,2,3,0.54,30.79,7.6,5.89,100,96,67229,2,2
1,0,0,0.0,0.0,0.0,0.0,500,97,0,3,6
1,0,0,0.0,10.69,0.0,0.0,500,97,242614,3,4
1,0,0,0.93,11.74,8.94,0.0,500,97,6962,3,6
22,0,0,0.0,10.08,0.0,0.0,100,98,0,3,11
22,0,0,4.16,11.1,0.0,0.0,100,98,12256,3,11
22,0,0,10.84,11.42,0.0,0.0,100,98,14224,3,11
16,4,5,0.54,35.52,7.92,6.23,100,99,5342315,2,2
2,0,0,10.83,14.61,33.28,0.0,100,100,13431,3,11
2,0,0,3.98,17.37,26.58,0.0,100,100,16787,3,11
2,0,0,0.76,6.54,3.69,9.99,100,100,21897,3,11
2,0,0,3.37,12.68,25.3,4.97,100,100,5259,3,11
2,0,0,2.59,16.56,20.17,8.48,100,100,84851,3,11
2,0,0,0.0,0.0,0.0,0.0,1000,100,0,3,11
13,4,5,6.7,1004.49,46.13,26.09,100,101,1658684,1,1
13,4,4,5.7,198.46,58.05,37.12,100,101,614292,1,11
17,3,1,6.23,20.27,13.7,11.16,1000,102,29273,1,11
17,2,2,5.01,139.94,26.45,13.66,1000,102,33268,3,11
17,1,1,4.92,155.02,23.03,12.75,1000,102,8645,3,11
8,3,0,6.74,22.54,35.05,8.55,100,103,10708,3,11
8,0,0,4.65,19.01,1.49,7.42,100,103,1218,3,11
8,0,0,1.34,16.15,1.65,4.27,100,103,13432,3,11
8,0,0,4.63,18.42,6.32,3.7,100,103,13915,3,11
8,0,0,5.24,12.72,0.0,0.0,100,103,15305,1,11
8,0,0,3.41,12.71,0.0,0.0,100,103,205338,2,11
8,1,3,5.12,472.14,38.6,16.06,100,103,445673,1,7
8,0,0,2.03,10.79,0.0,0.0,100,103,6817,3,11
8,0,0,7.57,11.65,0.0,0.0,100,103,84003,1,11
8,1,2,4.5,21.25,39.1,16.71,100,103,92393,1,1
17,4,4,5.28,55.93,64.27,20.55,1000,104,9886,3,3
2,2,1,8.29,56.82,32.85,6.67,100,105,1415562,1,11
2,3,3,5.08,33.14,41.08,17.37,100,105,1416113,1,9
2,0,0,5.42,22.58,36.48,10.79,100,105,144712,1,11
2,0,0,5.29,18.19,64.3,0.0,100,105,28779,3,11
2,0,0,5.05,20.08,46.18,0.0,100,105,40475,3,11
2,0,0,9.78,19.57,60.53,0.0,100,105,42161,3,11
2,0,0,5.07,14.99,27.13,0.0,100,105,53252,3,11
2,0,0,5.76,18.91,49.6,0.0,100,105,71506,1,11
2,2,1,6.55,98.48,35.66,9.29,500,105,3842294,1,11
6,4,4,3.59,28.07,31.31,15.21,500,106,117076,2,11
6,0,0,4.81,14.6,30.9,0.0,500,106,120996,2,11
6,0,0,2.66,10.05,0.0,0.0,500,106,151754,1,11
6,4,4,4.1,230.87,40.49,18.31,500,106,234257,1,7
29,0,0,0.0,9.84,0.0,0.0,100,107,0,3,11
29,0,0,4.5,11.66,0.0,0.0,100,107,12051,3,11
29,0,0,8.65,10.52,0.0,0.0,100,107,28196,3,11
29,0,0,6.02,11.22,0.0,0.0,100,107,4118,3,11
29,0,0,2.65,10.87,0.0,0.0,100,107,654,3,11
29,0,0,2.91,11.64,0.0,0.0,100,107,793,3,11
29,0,0,3.63,11.26,0.0,0.0,100,107,8223,3,11
29,0,0,8.89,12.61,0.0,0.0,100,107,8986,3,11
8,3,3,0.57,18.68,7.16,5.7,100,108,481112,0,4
32,3,3,6.05,283.1,29.77,13.24,500,109,1380922,1,11
32,0,3,6.05,283.1,29.77,13.24,500,109,1380922,1,11
32,4,0,4.48,420.33,34.26,14.31,500,109,317437,1,11
1,4,0,0.51,434.34,6.84,5.57,10000000,110,1086144,0,6
1,4,4,0.94,35.28,8.03,5.46,100,110,2182,3,6
1,5,4,0.83,105.75,8.24,6.1,100,110,2143688,0,6
1,4,5,0.56,326.39,7.54,6.16,1000,110,1267153,0,4
1,4,5,0.6,348.23,7.63,6.26,1000,110,2766475,0,6
1,4,4,0.73,44.57,7.66,5.81,1000,110,83152,0,6
1,0,3,0.53,1325.06,6.69,5.59,1000,110,882335,0,2
1,5,4,0.73,343.8,7.66,5.64,1000,110,940652,0,6
1,5,0,0.73,516.1,7.66,5.64,10000,110,940652,0,6
1,4,2,0.51,619.46,6.84,5.57,500,110,1086144,0,6
1,4,0,0.56,472.08,7.54,6.16,5000,110,1267153,0,4
1,5,0,0.6,429.2,7.63,6.26,5000,110,2766475,0,6
13,2,4,1.52,21.44,10.4,8.85,100,111,1140331,2,4
13,3,3,5.07,253.25,27.27,14.29,100,111,1152506,3,11
13,0,0,5.0,16.17,35.88,0.0,100,111,12484,3,11
13,0,3,6.93,19.02,39.22,16.76,100,111,128512,3,3
13,0,2,5.0,26.88,24.02,13.5,100,111,172285,3,11
13,0,0,7.83,18.69,52.0,0.0,100,111,4080,3,11
13,0,0,4.16,14.6,13.22,0.0,100,111,48029,3,11
13,0,0,5.41,19.38,46.39,0.0,100,111,55725,3,11
13,5,4,5.34,66.37,65.16,20.76,100,111,686318,3,3
13,0,0,4.05,16.87,53.7,0.0,100,111,72304,3,11
13,0,0,2.91,20.43,60.98,0.0,1000,111,14133,3,11
13,0,5,0.91,33.99,55.62,39.47,1000,111,204016,3,11
13,3,4,0.58,32.52,7.63,5.97,1000,111,2411141,2,2
13,0,0,3.32,19.59,59.58,0.0,1000,111,4376,3,11
13,0,0,10.83,14.69,33.28,0.0,1000,111,47042,3,11
13,0,0,5.56,17.88,50.47,0.0,1000,111,7214,3,11
13,0,0,5.79,16.68,37.3,0.0,1000,111,8522,3,11
8,3,3,2.39,20.97,16.93,9.07,100,112,17354,2,6
8,4,3,0.58,3528.99,7.34,5.99,100,112,186992,0,4
8,0,4,0.54,1315.1,6.73,5.63,100,112,213174,0,2
8,3,3,0.54,3218.93,6.95,5.46,100,112,284584,0,4
8,4,3,0.58,49.7,7.3,5.75,100,112,451194,0,4
8,0,0,3.11,20.13,15.71,4.64,100,112,5768,3,11
8,0,3,0.52,14.18,7.49,5.82,100,112,594537,2,2
8,3,1,0.88,12.36,8.86,6.14,100,112,80465,0,6
8,0,0,2.35,13.53,24.21,0.0,100,112,83845,3,11
8,0,0,2.73,54.57,16.74,9.74,100,112,90858,3,11
17,0,3,3.8,19.44,23.72,14.57,1000,113,5746,3,0
22,1,3,0.79,14.48,7.69,5.15,100,114,11733,0,8
22,0,0,6.13,10.89,25.29,0.0,1000,114,37516,1,11
11,0,0,4.94,14.56,19.45,0.0,100,115,12397,3,11
11,0,0,4.04,13.75,23.15,0.0,100,115,126045,3,11
11,0,4,5.8,18.04,37.81,19.3,100,115,140407,3,3
11,0,0,5.34,17.47,64.72,0.0,100,115,173155,3,11
11,3,3,5.06,238.7,27.26,14.29,100,115,181270,3,11
11,0,4,3.69,22.28,23.2,14.49,100,115,229493,3,11
11,0,0,5.01,15.33,32.51,0.0,100,115,23235,3,11
11,0,0,5.22,17.3,48.25,0.0,100,115,2950,3,11
11,3,2,4.99,762.43,23.86,13.45,100,115,77749,3,11
18,0,0,5.72,15.74,57.16,0.0,500,116,114647,1,11
18,4,4,5.07,27.89,47.22,22.97,500,116,178483,1,9
14,4,3,0.57,3563.24,7.28,5.65,100,117,140599,0,4
14,3,3,0.83,2976.64,7.88,5.32,100,117,405326,0,6
14,0,4,0.54,1242.89,6.77,5.63,100,117,5069,0,2
14,3,3,1.49,2709.77,10.96,5.99,100,117,96615,0,6
14,3,1,0.86,2127.15,8.13,4.72,1000,117,10061,0,6
14,3,3,0.72,1784.07,8.94,6.54,1000,117,14033,0,8
14,2,2,0.82,1164.47,7.76,4.73,1000,117,24291,0,6
14,3,2,0.72,3347.01,7.79,4.98,1000,117,39453,0,6
14,4,3,0.58,2872.8,7.32,5.69,1000,117,453033,0,4
14,4,0,0.57,2546.16,7.21,5.6,1000,117,87907,0,4
14,3,0,0.71,3334.08,7.75,4.97,25000,117,39453,0,6
14,0,0,1.1,1136.44,9.54,0.0,500,117,4657,3,6
14,0,0,0.7,1117.94,8.14,0.0,500,117,6743,3,4
14,0,3,3.47,21.09,22.54,14.42,500,117,7735,3,0
14,3,0,0.52,3189.48,6.61,5.01,5000,117,140599,0,4
14,2,0,0.51,2555.89,6.51,4.94,5000,117,453033,0,4
2,0,0,2.27,10.63,0.0,0.0,100,118,6833,3,11
1,4,0,3.91,1448.8,33.79,13.04,100,119,405499,1,11
1,0,0,9.64,190.6,34.22,12.9,100,119,531104,1,11
1,2,1,4.75,133.05,42.11,22.45,100,119,673246,1,1
8,4,3,0.67,43.71,7.33,5.15,100,120,321946,0,6
8,2,2,2.46,26.49,20.92,9.9,100,120,323718,2,6
27,4,3,0.62,42.74,7.91,6.45,500,121,237034,0,0
1,0,3,0.51,25.18,7.59,5.87,100,122,1331596,2,2
1,0,0,5.28,18.3,64.3,0.0,100,122,14449,3,11
1,0,0,1.65,13.61,14.67,0.0,100,122,15195,3,11
1,0,0,2.65,15.54,36.32,0.0,100,122,1711,3,11
1,0,1,9.74,22.38,60.2,19.67,100,122,25853,3,12
1,0,3,5.41,24.48,47.26,25.83,100,122,27349,3,11
1,0,4,5.79,18.37,37.47,19.06,100,122,31929,3,3
1,0,1,2.26,21.6,19.96,13.57,100,122,37106,3,0
1,3,3,3.34,102.92,22.71,12.16,100,122,756012,2,11
1,2,2,5.05,254.93,27.13,14.11,100,122,98985,3,11
19,3,2,0.6,1186.87,7.38,5.76,500,123,123528,0,4
19,4,4,2.7,19.41,17.42,10.31,500,123,127919,2,8
19,3,3,0.56,2129.31,7.12,5.48,500,123,143022,0,6
19,2,2,0.57,15.23,6.92,4.28,500,123,14749,0,4
19,4,5,0.6,1232.44,7.49,6.05,500,123,161112,0,6
19,0,0,3.09,13.72,20.35,0.0,500,123,173482,2,0
19,0,0,1.07,11.81,9.32,0.0,500,123,24478,3,6
19,0,3,0.5,12.38,7.6,5.83,500,123,25602,2,2
19,2,3,0.68,14.76,7.23,5.12,500,123,33954,0,6
19,2,2,0.68,11.95,7.33,5.07,500,123,4921,0,6
19,3,2,0.63,12.15,7.35,5.09,500,123,5802,0,6
19,0,0,0.76,11.17,8.33,0.0,500,123,786,3,6
19,0,0,0.64,11.52,8.27,0.0,500,123,80746,3,4
19,0,0,0.58,11.41,7.49,0.0,500,123,8919,3,4
19,3,3,5.11,32.16,27.26,13.66,500,123,93806,2,11
12,0,3,0.53,1281.56,6.71,5.59,1000,124,244522,0,2
12,3,4,0.57,1277.25,7.25,5.89,1000,124,338484,0,4
12,3,2,0.55,22.73,7.03,4.51,1000,124,460016,0,4
12,0,0,3.46,11.87,0.0,0.0,500,124,198679,2,11
1,2,1,4.0,100.82,47.53,26.85,100,125,125241,1,1
1,4,3,5.48,534.17,33.48,16.42,100,125,3060669,1,9
1,4,3,5.48,534.17,33.48,16.42,100,125,3060669,1,9
1,0,0,0.37,35.5,64.5,38.64,100,125,59456,1,11
1,1,0,6.4,20.29,38.5,18.59,100,125,631766,1,11
1,3,2,5.76,142.64,36.17,16.14,100,125,802304,1,9
13,0,3,3.73,23.06,23.47,14.49,100,126,106706,3,0
13,0,0,3.29,23.52,43.15,24.29,100,126,1153466,1,1
13,0,2,0.68,14.23,7.03,4.93,100,126,11953,3,6
13,5,4,0.71,42.09,8.22,5.96,100,126,12812,3,8
13,5,5,0.86,34.61,8.27,6.28,100,126,128459,0,8
13,5,4,1.87,71.97,15.06,9.84,100,126,33802,2,0
13,0,3,2.06,16.48,15.4,9.17,100,126,6486,3,8
13,0,4,5.14,25.36,40.97,20.05,100,126,64223,3,7
13,4,2,0.79,29.73,8.62,6.63,100,126,656999,0,2
13,0,0,5.58,13.39,19.21,0.0,100,126,74282,3,11
13,0,5,6.21,31.28,47.62,27.03,100,126,97954,3,7
13,5,3,0.57,26.12,7.26,5.91,1000,126,149678,0,6
13,4,4,0.66,56.36,7.7,6.16,1000,126,1961112,0,6
13,3,5,1.98,59.92,15.1,11.33,1000,126,27468,3,8
13,4,4,0.95,37.65,8.67,5.87,1000,126,294222,0,6
13,4,4,0.82,41.86,7.83,5.98,1000,126,601066,0,8
13,0,0,1.11,84.39,9.69,5.31,1000,126,87691,0,6
4,0,0,8.89,12.66,0.0,0.0,100,127,113527,1,11
22,0,3,5.14,21.57,36.52,17.23,100,127,25211,3,7
22,4,4,6.58,4187.22,51.68,27.44,100,127,3370668,1,1
22,0,0,6.58,4187.22,51.68,27.44,100,127,3370668,1,1
22,0,0,6.58,4187.22,51.68,27.44,100,127,3370668,1,1
22,0,3,5.6,17.52,36.95,18.65,100,127,845496,1,11
22,3,3,3.09,174.18,24.89,12.79,100,127,880255,2,11
4,0,0,8.48,14.07,37.45,0.0,100,127,92584,1,11
18,0,0,2.97,10.2,0.0,0.0,500,128,91161,1,11
17,2,1,0.69,13.7,7.28,4.83,1000,129,10826,0,6
17,3,3,0.74,32.6,7.52,5.26,1000,129,154053,0,6
17,3,3,0.98,67.88,8.16,5.5,1000,129,17438,0,6
17,3,2,1.26,32.87,8.87,5.18,1000,129,7222,0,6
17,3,2,1.26,56.92,8.87,5.18,1000,129,7222,0,6
6,4,0,0.57,4187.37,7.28,6.03,0,130,1139965,0,4
6,4,0,0.54,37.91,6.92,5.51,10000,130,21474,0,4
6,5,3,0.57,2844.23,7.28,6.01,500,130,1139965,0,4
6,4,4,0.59,1454.46,7.31,6.13,500,130,138573,0,4
6,3,3,0.99,43.34,8.64,5.82,500,130,1525,0,6
6,3,3,1.11,39.96,9.2,5.5,500,130,163193,0,6
6,2,2,0.88,25.63,7.95,5.0,500,130,16838,0,6
6,3,3,0.54,37.85,6.85,5.35,500,130,21474,0,4
6,3,3,2.76,16.04,17.1,9.44,500,130,24508,2,6
6,0,0,0.0,17.75,0.0,0.0,500,130,2833,0,6
6,0,0,5.15,11.07,0.0,0.0,500,130,31203,3,11
6,2,2,0.58,1298.56,7.12,5.71,500,130,32489,0,4
6,0,0,0.79,11.27,8.53,0.0,500,130,3496,3,6
6,4,0,0.99,30.52,8.64,6.02,5000,130,1525,0,6
6,2,0,0.88,29.66,7.95,5.05,5000,130,16838,0,6
0,0,0,2.53,12.48,0.0,0.0,1000,131,8054,2,11
0,4,4,4.44,49.5,37.54,18.51,1000,131,810427,1,11
0,0,0,4.88,15.74,49.44,0.0,1000,131,98658,1,11
0,0,0,0.0,0.0,0.0,0.0,1000,131,0,1,4
22,2,3,4.93,104.48,29.88,17.22,100,132,389374,2,7
22,4,4,6.38,233.64,53.51,24.98,100,132,875152,1,11
29,0,4,6.21,31.54,54.71,20.14,100,133,118318,1,1
29,0,0,10.55,53.38,44.1,13.37,100,133,120409,1,11
29,3,3,6.83,24.96,39.94,18.38,100,133,191203,1,9
29,0,0,10.29,15.53,47.64,0.0,500,133,7731,3,11
22,0,3,5.44,25.1,46.87,25.7,100,134,158514,3,11
22,0,2,7.87,35.91,51.75,25.21,100,134,17897,3,11
22,2,2,5.05,42.72,26.97,13.87,100,134,190476,3,11
22,0,2,3.74,28.54,23.14,14.38,100,134,190677,3,0
22,0,0,6.0,13.43,19.36,0.0,100,134,37392,3,11
22,0,4,5.22,27.77,65.18,21.0,100,134,49276,3,3
22,2,2,4.97,41.91,23.63,13.18,100,134,74502,3,11
22,0,1,5.57,20.45,38.08,18.54,100,134,84587,3,11
22,0,0,3.95,18.01,52.89,0.0,100,134,87918,3,11
0,0,2,0.57,1906.35,7.2,5.88,1000,135,78474,0,4
0,4,4,1.02,21.09,9.44,6.27,1000,135,78978,0,8
6,0,0,3.84,12.61,19.56,4.38,500,136,5247,3,11
5,0,5,0.58,2845.05,7.42,6.07,0,137,179004,0,4
5,3,2,0.53,2995.08,6.42,5.38,1000,137,16425,0,4
5,0,2,0.53,2995.08,6.42,5.38,1000,137,16425,0,4
5,3,1,0.68,24.76,7.01,12.45,1000,137,7155,0,6
5,3,5,0.58,2845.6,7.42,6.07,5000,137,179004,0,4
5,0,5,0.55,1247.78,6.86,5.75,5000,137,3855,0,2
13,0,0,7.8,23.11,46.91,18.06,100,138,160752,1,9
13,0,0,0.6,21.59,69.07,0.0,100,138,262796,1,11
13,3,0,3.77,52.87,49.82,28.38,100,138,484061,1,5
27,3,4,4.41,54.6,56.01,30.5,500,139,479048,1,1
27,0,0,4.18,244.8,30.56,14.48,500,139,60355,1,11
27,4,4,5.48,38.26,31.64,15.31,500,139,612042,1,11
27,0,0,2.58,16.1,30.06,12.12,500,139,94125,3,11
27,0,0,3.63,15.97,36.82,0.0,500,139,944504,1,11
1,3,5,1.27,43.53,8.98,6.93,1000,140,168762,0,6
1,0,0,0.6,11.6,7.68,0.0,500,140,1080167,3,4
1,0,0,0.0,10.86,0.0,0.0,500,140,113103,3,4
1,0,0,0.62,11.43,7.74,0.0,500,140,164642,3,4
1,0,0,0.56,11.39,7.27,0.0,500,140,23109,3,4
1,0,0,0.76,11.66,8.36,0.0,500,140,41614,3,6
1,0,0,0.54,32.2,7.41,6.33,5000,140,3349,0,4
29,0,0,4.94,18.81,37.29,19.0,100,141,103151,1,5
29,3,3,1.24,52.63,15.61,8.81,100,141,16912,2,4
29,0,0,5.18,20.29,43.64,25.4,100,141,285684,1,11
29,0,3,2.32,22.72,25.09,14.44,100,141,326301,2,11
29,2,3,3.73,447.71,26.16,14.07,100,141,426759,2,11
29,0,0,6.45,16.96,37.43,0.0,100,141,63981,1,11
29,0,0,6.25,15.38,30.14,0.0,150,141,331053,1,11
29,5,2,1.89,30.96,14.54,7.34,500,141,1757,3,8
29,4,3,5.28,67.78,37.37,15.38,500,141,213158,3,11
29,5,3,4.58,65.17,31.3,14.33,500,141,220581,3,11
29,3,2,0.67,45.08,7.25,5.13,500,141,24410,0,6
32,0,0,0.0,27.89,0.0,0.0,0,244,327,0,2
28,3,5,2.25,166.04,38.04,19.0,100,173,0,1,9
28,0,0,0.92,14.63,14.91,0.0,100,81,124787,2,8
28,0,0,0.54,12.49,8.08,7.49,100,81,15758,2,6
28,3,0,0.0,84.14,0.0,0.0,100,81,195401,2,0
28,5,3,0.29,35.87,3.29,4.69,100,81,314409,0,4
28,3,0,0.0,29.3,0.0,0.0,100,81,36174,0,4
28,0,0,0.0,18.11,0.0,0.0,100,81,3841,3,11
28,0,0,0.0,16.59,0.0,0.0,100,81,82843,1,11
28,0,0,0.03,10.66,3.19,0.0,100,81,8334,2,4
12,1,0,0.0,27.88,0.0,0.0,1000,38,12075,1,11
28,0,0,0.0,11.03,0.0,0.0,1000,81,128495,0,4
12,2,0,0.0,82.25,0.0,0.0,1000,38,30029,1,11
23,3,0,0.0,15.58,0.0,0.0,1000,32,3922,0,4
12,3,0,0.0,15.8,0.0,0.0,1000,38,47468,2,11
12,3,0,0.0,29.08,0.0,0.0,1000,38,546,0,4
28,4,0,0.0,23.3,0.0,0.0,1000,81,54995,0,6
12,0,0,0.83,68.43,7.78,5.19,1000,38,617666,0,6
12,0,0,0.83,68.43,7.78,5.19,1000,38,617666,0,6
16,0,0,0.0,0.0,0.0,0.0,1000,3,0,3,2
32,0,0,0.0,25.77,0.0,0.0,10000,11,192,0,2
12,2,0,0.0,24.39,0.0,0.0,10000,38,19875,0,4
32,0,0,0.0,26.84,0.0,0.0,10000,11,308,0,2
12,3,0,0.0,27.86,0.0,0.0,10000,38,546,0,4
8,0,0,5.95,352.14,31.35,13.85,500,30,1032286,2,11
8,0,0,5.95,352.14,31.35,13.85,500,30,1032286,2,11
12,0,0,0.0,9.45,0.0,0.0,500,38,108216,1,11
21,3,0,0.0,2251.93,0.0,0.0,500,7,1177,0,4
11,0,0,0.0,594.88,0.0,0.0,500,27,131168,1,11
29,5,0,0.0,34.92,0.0,0.0,500,1,14592,0,4
21,2,0,0.0,23.67,0.0,0.0,500,7,1589,2,11
12,0,0,0.0,10.71,0.0,0.0,500,38,15777,0,4
11,0,0,5.06,238.7,27.26,14.29,500,27,181270,3,11
8,0,0,0.82,76.44,7.86,5.45,500,30,37165,0,6
8,0,0,0.82,76.44,7.86,5.45,500,30,37165,0,6
29,4,0,0.0,66.61,0.0,0.0,500,1,5231,0,6
29,2,0,0.0,29.78,0.0,0.0,500,1,7611,0,6
21,2,0,0.0,30.76,0.0,0.0,500,7,9125,1,11
33,0,0,0.0,0.0,0.0,0.0,500,157,0,1,6
21,0,0,0.0,0.0,0.0,0.0,500,7,0,3,2
23,5,0,0.0,25.99,0.0,0.0,5000,32,51034,0,4
19,3,3,5.88,49.33,35.05,16.71,500,142,2604177,1,7
19,4,2,5.36,154.59,35.32,16.66,500,142,4020484,1,1
12,3,3,4.59,27.79,48.42,21.32,500,143,363862,1,1
6,0,0,5.04,11.74,0.0,0.0,500,144,6336,3,11
30,2,2,4.89,72.52,46.48,23.2,500,145,1056,1,0
4,0,0,0.0,10.19,0.0,0.0,100,146,0,3,11
4,0,0,0.0,10.12,0.0,0.0,100,146,1129,3,11
4,0,0,6.89,16.25,37.82,0.0,100,146,110795,3,11
4,0,0,3.32,18.43,58.93,0.0,100,146,13465,3,11
4,0,0,5.03,15.38,32.75,0.0,100,146,14972,3,11
4,2,3,5.04,54.32,26.92,14.16,100,146,152747,3,11
4,0,0,3.91,15.9,0.0,0.0,100,146,23274,3,11
4,0,0,10.86,14.19,34.68,0.0,100,146,2483,3,11
4,0,0,5.39,10.42,0.0,0.0,100,146,3498,3,11
4,0,0,7.89,13.38,0.0,0.0,100,146,3941,3,11
4,0,0,0.0,0.0,0.0,0.0,100,146,0,3,6
27,3,4,1.79,23.1,15.92,10.47,500,147,508838,2,8
20,4,5,9.08,106.72,68.83,37.77,500,148,1594006,1,11
3,0,0,0.76,10.69,0.0,0.0,1000,149,11035,0,6
3,0,0,3.28,11.5,0.0,0.0,1000,149,127949,2,11
3,0,0,0.54,1081.08,6.75,0.0,1000,149,1795,0,2
3,0,0,0.55,1083.5,6.99,0.0,1000,149,257508,0,4
3,0,0,0.57,1086.81,7.29,0.0,1000,149,499562,0,4
3,0,0,3.1,10.92,0.0,0.0,500,149,10301,2,11
3,0,0,5.79,12.52,0.0,0.0,500,149,138946,1,11
3,0,0,5.98,14.62,45.21,0.0,500,149,361265,1,11
3,0,0,0.47,10.69,0.0,0.0,500,149,76247,2,2
3,0,0,0.0,10.24,0.0,0.0,500,149,99565,1,11
26,0,0,5.61,15.26,27.49,0.0,500,150,12127,1,11
26,0,0,5.39,12.72,15.95,0.0,500,150,67339,1,11
13,0,0,5.21,12.4,0.0,0.0,100,151,15655,3,11
13,0,0,5.56,11.91,0.0,0.0,100,151,7577,3,11
5,3,3,3.21,92.48,41.58,18.63,1000,152,37919,1,11
5,4,3,3.43,59.41,55.52,29.13,1000,152,50275,1,1
5,0,0,4.24,18.43,46.85,0.0,1000,152,69661,1,11
5,3,0,3.28,101.06,42.56,19.27,5000,152,37919,1,1
10,4,0,0.52,5622.79,6.64,5.3,10000,153,273636,0,4
10,4,3,0.6,47.19,7.49,6.01,500,153,20604,0,4
10,5,3,0.58,3718.59,7.35,6.0,500,153,273636,0,4
10,3,3,0.65,38.21,7.94,6.05,500,153,30363,0,4
10,0,2,0.53,1282.51,6.69,5.59,500,153,32482,0,2
16,3,3,6.3,285.63,43.03,21.75,100,154,1763864,1,12
16,0,0,7.53,16.22,39.76,0.0,100,154,271546,1,11
16,4,4,5.9,136.05,48.68,24.3,100,154,5136636,1,1
16,4,4,4.36,62.28,32.31,17.26,100,154,651025,2,7
31,2,2,1.23,16.4,13.1,7.52,500,155,12926,2,8
31,3,3,1.94,19.94,19.4,10.19,500,155,155442,2,11
31,0,0,1.3,11.66,9.63,0.0,500,155,16541,0,6
31,2,1,0.53,1166.99,6.49,5.23,500,155,17908,0,4
31,3,2,0.8,14.29,7.71,5.04,500,155,28973,0,6
31,0,4,0.58,2378.78,7.35,6.02,500,155,509374,0,4
31,2,2,4.65,17.99,26.6,12.56,500,155,65195,2,11
31,3,1,1.25,22.13,8.94,4.73,500,155,8069,0,6
31,2,2,0.84,12.12,7.76,4.78,500,155,9119,0,6
0,0,0,5.98,20.34,60.49,0.0,1000,156,49485,1,11
0,0,0,5.04,14.08,26.98,0.0,500,156,7622,3,11
33,0,0,0.0,10.01,0.0,0.0,100,157,0,2,2
33,0,0,3.84,13.72,24.05,0.0,100,157,114372,2,11
33,0,0,7.0,14.55,0.0,0.0,100,157,121669,1,11
33,0,0,4.12,12.55,0.0,0.0,100,157,13602,2,11
33,0,0,6.17,12.94,0.0,0.0,100,157,144654,1,11
33,0,0,10.07,13.02,0.0,0.0,100,157,17414,1,11
33,0,0,7.68,11.47,0.0,0.0,100,157,23971,1,11
33,0,0,7.1,18.85,50.14,0.0,100,157,242673,1,11
33,0,0,6.9,17.1,38.18,0.0,100,157,402607,1,11
33,0,0,9.04,12.36,0.0,0.0,100,157,52026,1,11
33,0,0,6.32,14.77,38.17,0.0,100,157,59947,1,11
33,0,0,3.14,12.71,21.44,0.0,100,157,74509,2,0
33,0,0,0.0,1128.68,0.0,0.0,500,157,1423,0,2
33,0,0,7.29,17.07,42.76,0.0,500,157,27824,1,11
33,3,3,0.53,1289.79,6.7,5.53,500,157,28226,0,4
33,0,2,0.57,1330.81,7.23,5.76,500,157,28593,0,4
27,0,0,0.0,10.26,0.0,0.0,500,158,783676,1,11
14,4,3,8.02,96.53,57.6,22.85,100,159,620514,1,1
7,0,0,4.25,12.99,0.0,0.0,1000,159,167753,1,11
14,4,3,9.02,169.73,57.43,26.03,500,159,558905,1,1
1,0,0,0.0,9.82,0.0,0.0,500,160,32834,3,11
22,4,0,1.29,36.83,9.48,5.63,0,161,187687,0,6
22,3,1,2.2,19.62,14.05,7.81,100,161,16315,3,8
22,3,2,1.3,36.25,9.49,5.54,100,161,187687,0,6
22,3,2,1.3,36.25,9.49,5.54,100,161,187687,0,6
22,3,2,1.3,36.25,9.49,5.53,100,161,187687,0,6
22,0,0,1.48,16.95,10.92,6.72,100,161,835144,0,6
22,2,3,5.24,29.97,39.24,19.49,500,161,346701,3,7
6,4,4,1.03,20.79,8.1,9.01,500,162,1416,0,8
6,0,0,0.0,11.17,0.0,0.0,500,162,1894,0,6
6,4,3,0.78,27.4,7.5,5.4,500,162,21227,0,6
6,2,2,0.85,11.84,7.5,4.77,500,162,2724,0,6
6,5,4,3.88,23.82,25.84,13.97,500,162,411183,2,11
6,3,3,1.87,43.1,13.25,7.38,500,162,75092,2,8
14,5,4,0.58,3396.92,7.35,5.99,500,163,112893,0,4
14,4,0,0.54,3020.71,6.78,5.43,5000,163,112893,0,4
6,0,0,6.79,12.95,0.0,0.0,500,164,115299,1,11
12,0,4,5.32,32.3,64.55,20.41,500,165,13548,3,3
12,0,3,5.06,29.04,27.2,14.21,500,165,29358,3,11
11,0,0,4.21,16.59,61.97,0.0,100,166,134449,1,11
11,0,0,1.95,22.17,86.35,0.0,100,166,395235,1,11
11,0,0,8.82,15.44,50.24,0.0,100,166,82562,1,11
13,0,0,9.64,216.77,39.37,11.83,100,167,1421198,1,11
13,5,0,5.82,545.38,22.9,19.27,100,167,181482,1,1
13,0,0,3.97,30.36,32.79,18.71,100,167,184606,1,11
13,0,0,5.73,42.08,31.42,18.48,100,167,255688,1,11
13,0,5,8.25,39.25,62.06,22.18,100,167,480786,1,9
13,4,5,4.57,110.25,37.52,20.09,100,167,6422282,1,9
13,2,3,5.68,297.94,53.37,23.77,100,167,662463,1,1
13,0,0,3.33,35.96,54.73,28.64,100,167,675168,1,1
13,3,3,5.58,124.29,21.98,13.59,100,167,817589,1,11
13,2,3,6.69,92.7,35.96,23.99,100,167,873078,1,12
13,2,2,6.74,950.53,36.75,17.56,500,167,1490737,1,7
23,2,0,0.0,26.03,0.0,0.0,1000,168,1040,0,4
23,3,3,1.25,2495.11,9.19,5.39,1000,168,11013,0,6
23,1,2,4.32,15.22,19.09,10.39,1000,168,112369,2,11
23,0,2,0.52,17.46,7.21,5.53,1000,168,11319,2,2
23,2,3,6.71,65.87,34.4,15.98,1000,168,1140838,1,1
23,3,3,1.33,28.76,9.53,5.52,1000,168,11525,0,6
23,3,3,0.57,1251.72,7.09,5.76,1000,168,22159,0,4
23,4,3,0.54,32.26,6.72,5.49,1000,168,24309,0,4
23,3,0,0.0,39.32,0.0,0.0,1000,168,2776,0,4
23,5,3,0.57,321.76,7.28,5.97,1000,168,44741,0,4
23,4,0,0.0,21.31,0.0,0.0,1000,168,4583,0,6
23,0,0,6.63,12.38,0.0,0.0,1000,168,5423,1,11
23,1,1,6.36,350.47,26.38,11.52,1000,168,61839,1,11
23,0,0,6.88,11.97,0.0,0.0,1000,168,6739,3,11
23,2,3,1.52,47.3,9.77,6.47,1000,168,7902,2,4
23,3,3,0.82,40.49,7.35,5.21,1000,168,9632,0,6
23,0,3,0.54,1267.75,6.73,5.63,1000,168,9965,0,2
23,2,2,6.0,35.14,26.04,15.87,500,168,77722,1,7
27,4,3,0.58,5638.88,7.28,5.86,500,169,1282842,0,6
27,5,2,0.53,3963.07,6.67,5.58,500,169,1696896,0,2
27,4,2,0.56,39.11,7.11,5.74,500,169,2868606,0,6
27,3,4,0.56,32.05,7.64,6.28,500,169,3241526,2,2
27,4,3,0.57,3866.56,7.28,5.95,500,169,6757048,0,6
27,4,0,0.57,3903.85,7.28,5.95,50000,169,6757048,0,6
10,3,2,6.39,2818.67,52.42,22.7,500,170,1274575,1,1
10,3,3,5.44,188.04,49.21,28.58,500,170,1442333,1,12
10,1,2,6.06,194.05,38.88,17.24,500,170,367459,1,9
10,0,0,5.79,10.46,0.0,0.0,500,170,434769,1,11
10,2,0,5.37,257.81,67.11,29.09,500,170,538137,1,1
2,3,2,2.7,21.7,18.71,8.7,100,171,10125,2,8
2,1,1,3.72,39.27,24.48,8.81,100,171,130254,2,11
2,0,4,1.07,13.57,9.43,6.06,100,171,1429,3,6
2,3,3,4.67,20.63,29.26,12.88,100,171,252346,2,11
2,4,3,1.27,27.84,8.59,5.5,1000,171,167962,0,6
2,1,1,5.78,20.69,27.01,9.95,1000,171,169058,2,11
2,0,1,5.86,20.22,40.61,12.81,1000,171,3937,3,11
2,0,1,3.28,15.79,19.82,8.23,1000,171,7628,3,0
2,0,1,5.03,18.81,36.7,10.79,1000,171,9507,3,11
27,0,0,5.89,16.89,39.29,0.0,500,172,1844866,1,11
27,0,3,3.64,112.32,28.93,14.2,500,172,2298672,1,11
27,3,3,5.41,187.22,38.68,23.92,500,172,3306853,1,12
27,3,3,3.88,340.14,28.03,12.88,500,172,3557057,1,11
27,2,0,4.39,385.01,13.45,10.51,500,172,678862,1,11
27,3,3,4.94,285.21,25.15,12.46,500,172,7340539,2,11
11,0,0,5.64,15.19,32.55,0.0,100,173,315002,1,11
11,4,4,4.41,1176.82,33.75,20.65,100,173,3778308,1,9
11,0,0,3.55,14.94,29.18,0.0,100,173,66368,1,11
9,5,2,0.57,3161.19,7.29,5.88,100,174,572245,0,4
9,4,0,0.57,2874.3,7.29,5.87,100,174,572245,0,4
9,0,3,0.53,1273.34,6.7,5.59,100,174,57379,0,2
13,5,1,0.59,510.75,7.58,6.14,100,175,1974404,0,4
13,5,5,0.61,27.91,7.65,6.21,100,175,2690681,0,6
13,4,4,0.6,357.04,7.57,6.18,100,175,2911899,0,4
13,4,2,0.54,399.1,7.53,6.01,100,175,896552,0,6
13,5,5,0.52,30.65,7.41,6.02,100,175,92254,0,6
13,4,0,1.18,23.01,9.32,5.43,1000,175,236216,0,6
13,5,5,0.85,96.31,8.18,6.2,1000,175,639024,0,6
10,0,0,0.0,10.02,0.0,0.0,500,175,56722,0,6
13,0,4,0.53,1322.55,6.74,5.6,500,175,877732,0,2
13,5,4,0.58,366.05,7.35,5.97,99,175,5059687,0,6
23,0,0,5.26,42.15,30.98,2.58,1000,176,138069,3,11
23,0,0,7.87,11.08,24.1,0.0,1000,176,5784,3,11
23,2,0,4.08,14.57,22.93,9.86,1000,176,975,3,11
18,0,4,0.58,1608.97,7.35,6.03,500,177,141661,0,6
18,4,3,4.29,27.0,35.22,17.63,500,177,143217,2,7
18,0,3,0.53,1270.13,6.69,5.6,500,177,20248,0,2
18,3,4,0.56,1299.27,7.14,5.75,500,177,25038,0,4
18,0,0,3.23,11.33,0.0,0.0,500,177,49831,2,0
18,1,1,1.08,13.54,8.7,4.61,500,177,5426,0,6
18,4,3,2.39,20.11,16.21,9.34,500,177,54363,2,8
18,3,2,0.56,1543.0,6.91,5.38,500,177,5554,0,6
18,3,2,0.69,11.98,7.48,5.13,500,177,6368,0,6
18,0,0,3.63,14.38,26.21,0.0,500,177,88622,2,11
18,0,2,0.38,11.82,6.22,4.7,500,177,9853,2,2
17,5,3,0.58,4471.72,7.37,5.96,1000,178,1140317,0,4
17,3,2,0.54,37.33,6.84,5.38,1000,178,153572,0,4
17,0,1,0.46,1130.37,6.26,0.0,1000,178,2945,0,2
17,2,2,0.55,1251.88,6.63,5.67,1000,178,34112,0,4
17,0,2,0.53,1269.74,6.66,5.57,1000,178,4871,0,2
27,0,0,2.3,11.54,0.0,0.0,500,179,1127011,1,11
24,0,1,0.55,1375.49,6.93,5.65,1000,180,231835,0,4
10,3,0,0.0,123.5,0.0,0.0,500,181,108,3,11
10,4,0,0.0,37.77,0.0,0.0,500,181,1389,3,6
10,3,4,2.37,160.59,21.38,15.43,500,181,133911,3,0
10,5,0,0.0,60.06,0.0,0.0,500,181,163,3,8
10,4,0,0.0,48.79,0.0,0.0,500,181,1888,3,6
10,2,2,2.8,19.07,18.69,11.15,500,181,555,3,0
10,4,0,0.0,82.08,0.0,0.0,500,181,601,3,0
13,0,4,5.89,19.43,44.78,22.59,100,182,1716738,1,7
27,3,4,0.74,12.52,8.04,6.24,500,183,113526,0,4
27,4,4,0.55,3294.07,7.1,5.57,500,183,118282,0,4
27,4,4,0.71,30.08,7.44,5.45,500,183,1329965,0,6
27,3,3,0.76,14.5,7.53,5.39,500,183,2017619,0,6
27,0,0,1.62,11.85,11.72,0.0,500,183,214883,0,6
27,4,2,0.74,2922.1,7.41,5.13,500,183,377424,0,6
27,4,0,0.55,3352.14,7.1,5.57,5000,183,118282,0,4
27,4,0,0.71,34.04,7.44,5.45,5000,183,1329965,0,6
24,0,0,0.93,10.8,0.0,0.0,1000,184,102837,2,8
24,5,5,1.03,14.21,16.19,11.45,1000,184,219703,2,8
24,4,5,5.36,30.99,33.46,19.86,1000,184,415225,1,7
24,0,5,3.5,80.0,36.16,17.74,1000,184,7849029,1,7
24,0,0,0.53,10.65,0.0,0.0,1000,184,97138,2,2
17,2,2,2.64,26.43,14.83,8.46,1000,185,2016,2,8
20,0,0,0.0,10.44,0.0,0.0,500,186,1137,3,6
20,0,2,0.13,11.67,8.64,0.0,500,186,2578,3,6
20,2,1,0.47,15.75,6.08,4.78,500,186,31387,0,4
20,0,1,0.55,13.12,6.92,5.57,500,186,75234,0,4
20,0,2,4.4,14.12,21.79,0.0,500,186,9976,3,11
11,0,0,3.59,24.2,46.16,23.67,100,187,154584,1,1
11,2,1,3.46,49.55,56.45,36.21,100,187,256779,1,11
30,3,3,5.31,189.02,35.63,18.57,1000,188,8295,1,11
30,2,0,4.93,48.11,25.97,13.39,500,188,442,3,11
28,2,2,3.97,98.14,50.33,25.66,100,189,105311,1,11
28,3,2,8.14,103.8,40.98,21.33,100,189,162947,1,1
28,3,0,5.91,389.93,39.7,18.8,100,189,285353,1,1
28,3,0,4.24,144.42,41.53,18.76,500,189,98668,1,11
28,3,3,5.26,169.07,33.27,16.04,100,190,115629,1,9
28,2,4,3.73,35.08,22.19,11.87,100,190,15744,2,0
28,0,0,5.71,14.93,29.91,0.0,100,190,222045,1,11
28,1,2,8.2,269.1,41.01,24.04,100,190,350282,1,12
28,2,3,5.56,22.0,27.45,13.87,100,190,366553,1,11
28,0,0,8.18,33.97,34.28,18.29,100,190,389127,1,1
28,3,3,4.86,162.79,28.58,13.67,100,190,53282,2,0
28,0,3,4.86,162.79,28.58,13.67,100,190,53282,2,0
28,3,2,5.23,87.64,37.93,17.07,100,190,71296,1,1
27,0,4,5.33,20.37,64.89,20.66,500,191,131139,3,3
27,0,4,3.85,21.82,23.77,14.68,500,191,202777,3,0
27,0,0,4.98,13.42,23.72,0.0,500,191,21572,3,11
27,0,0,5.49,26.02,35.61,17.57,500,191,22886,1,7
27,2,2,5.06,222.61,27.13,14.18,500,191,848397,3,11
27,1,0,1.21,32.87,65.15,38.42,500,192,485111,1,11
27,3,0,2.44,106.31,38.01,13.96,500,192,67549,1,11
12,0,0,0.74,11.63,8.31,0.0,1000,193,192172,3,6
12,3,3,1.87,58.93,17.71,8.81,500,193,1334,2,8
12,3,3,3.1,42.78,22.74,11.36,500,193,15024,2,0
12,0,3,0.49,18.04,7.49,5.75,500,193,250559,2,2
12,5,5,2.02,32.62,25.18,12.8,500,193,44996,2,8
32,5,0,0.62,2871.64,7.24,6.78,0,194,214369,0,6
32,5,5,0.6,4008.6,7.05,6.59,500,194,214369,0,6
32,2,4,1.21,16.07,7.65,11.17,500,194,34315,0,8
32,3,3,0.89,17.2,7.42,6.12,500,194,3991,0,6
19,0,0,3.8,11.39,0.0,0.0,500,195,163835,2,0
13,0,0,5.74,62.78,19.52,11.46,100,196,331671,1,11
13,0,0,4.74,26.46,13.18,8.0,1000,196,12323,3,11
28,3,0,3.01,30.2,13.2,5.93,100,197,11435,3,11
28,5,5,6.69,101.09,29.02,19.17,100,197,144421,1,1
28,2,4,5.03,184.29,47.18,18.8,100,197,9567,3,3
8,4,0,1.14,93.24,43.99,20.25,100,198,131819,1,1
8,3,3,5.37,636.35,47.77,20.44,100,198,1424648,1,9
8,3,3,3.31,341.82,61.86,33.81,100,198,550038,1,11
8,4,4,6.0,142.68,46.47,20.55,500,198,1748827,1,7
13,0,0,6.17,23.23,38.85,18.31,100,199,9709,1,9
11,3,5,5.81,221.34,41.73,28.18,100,200,143296,1,9
11,0,4,5.46,1920.59,41.77,26.87,100,200,6343649,1,7
11,3,4,5.29,1393.78,44.32,24.68,500,200,1642231,1,7
20,0,2,2.01,14.75,19.94,10.39,500,201,4322,3,0
20,0,2,3.4,16.65,27.47,13.65,500,201,6765,3,11
22,2,2,5.5,132.0,40.45,20.2,500,202,1646539,1,7
28,2,3,7.59,1414.49,55.03,25.87,100,203,1271329,1,11
10,2,1,0.93,55.46,7.36,4.67,500,204,14619,0,6
10,0,0,2.28,13.98,23.26,0.0,500,204,226178,2,11
10,4,4,0.66,21.05,7.53,5.43,500,204,59399,0,6
4,1,3,1.24,29.95,10.21,6.75,100,205,14101,2,4
4,0,0,6.66,18.17,51.08,0.0,100,205,150996,1,11
4,3,3,6.88,79.21,40.49,16.89,100,205,168682,1,7
4,3,3,5.11,45.61,29.29,13.49,100,205,1901,3,0
4,3,2,1.59,55.78,72.37,32.54,100,205,196483,1,11
4,4,0,4.03,39.67,22.4,10.91,100,205,2031,3,0
4,2,2,2.75,23.74,20.56,9.4,100,205,23219,2,8
2,0,0,5.32,10.34,0.0,0.0,100,205,24814,3,11
4,4,3,2.03,32.17,13.72,7.7,100,205,66,3,8
32,1,2,2.99,149.79,49.37,24.37,500,206,24533,1,1
32,3,0,3.77,279.79,54.04,32.28,500,206,38431,1,11
9,4,3,6.16,45.74,42.81,25.19,100,207,41415,1,11
9,4,4,6.78,100.38,58.8,26.58,100,207,740059,1,1
29,3,4,2.4,20.37,20.17,12.22,100,208,1020751,2,0
29,0,0,6.07,16.63,32.67,15.24,100,208,6925,1,11
29,0,4,0.54,13.62,7.58,5.79,150,208,1180218,2,2
29,0,0,4.16,19.25,57.03,0.0,150,208,57464,3,11
29,2,3,6.42,45.76,35.27,18.62,500,208,480605,1,11
22,4,5,4.88,90.38,35.65,22.62,100,209,328844,1,7
22,2,0,6.15,304.3,44.0,28.88,100,209,3811528,1,1
22,0,3,5.87,528.06,50.0,19.03,100,209,864795,1,1
22,4,5,5.74,182.06,47.84,31.17,100,210,6099955,1,11
6,3,2,5.41,43.23,24.95,13.89,500,211,17057,1,11
10,0,0,1.09,10.83,9.2,1.78,500,212,1686,3,11
10,0,0,5.42,68.45,31.44,4.37,500,212,351993,3,11
6,0,0,6.21,16.34,41.08,0.0,500,213,139345,1,11
6,3,3,6.16,28.57,47.66,20.93,500,213,144347,1,1
6,3,0,7.15,296.78,47.96,21.04,500,213,275815,1,1
6,3,3,2.74,23.27,35.32,16.9,500,213,71951,1,9
6,3,3,7.0,96.99,43.98,17.87,500,213,96705,1,7
22,0,3,3.18,371.87,60.55,34.92,100,214,763802,1,11
17,0,2,0.5,13.13,7.1,5.6,1000,215,14162,2,2
17,2,1,1.8,79.29,10.61,5.78,1000,215,5081,2,8
17,1,2,4.54,198.1,30.37,12.97,1000,215,55875,2,11
25,0,0,0.08,12.02,0.0,0.0,1000,216,104035,1,11
25,0,0,4.24,17.53,61.66,0.0,1000,216,106747,1,11
25,5,0,2.34,718.62,39.69,21.55,1000,216,1126223,1,1
25,5,5,5.69,95.71,43.68,21.85,1000,216,114527,1,9
25,0,0,2.84,17.38,50.39,0.0,1000,216,140336,2,11
25,0,0,7.37,19.37,59.8,0.0,1000,216,158621,1,11
25,0,0,3.43,21.89,65.93,0.0,1000,216,211886,1,11
25,0,0,5.56,16.21,43.33,0.0,1000,216,217933,1,11
25,5,5,2.56,442.13,33.07,18.36,1000,216,230031,2,7
25,0,0,3.43,16.02,0.0,0.0,1000,216,235129,1,11
25,0,5,0.54,11.26,7.12,0.0,1000,216,24273,0,2
25,5,2,0.56,39.15,6.98,5.85,1000,216,248601,0,6
25,5,5,5.08,282.99,54.5,30.86,1000,216,2553499,1,12
25,0,0,3.45,25.4,51.23,32.37,1000,216,270218,1,11
25,3,5,7.55,140.8,47.9,24.84,1000,216,272526,2,0
25,0,0,3.85,37.67,48.24,27.9,1000,216,33392,1,9
25,0,0,3.93,11.97,0.0,0.0,1000,216,33819,1,11
25,5,5,2.22,129.58,51.81,27.1,1000,216,370681,1,1
25,0,0,8.13,17.62,61.75,0.0,1000,216,43152,1,11
25,0,0,5.97,14.08,40.64,0.0,1000,216,45759,1,11
25,0,0,3.39,14.59,0.0,0.0,1000,216,47896,1,11
25,0,0,6.67,17.65,49.65,0.0,1000,216,65536,1,11
25,0,0,3.68,109.73,51.26,24.75,1000,216,770973,1,7
25,5,5,2.72,246.75,50.02,30.17,1000,216,936738,1,1
25,0,4,0.78,11.24,7.26,0.0,1000,216,9962,0,6
13,4,4,5.44,90.34,47.54,23.53,100,217,1009343,1,9
13,0,0,2.32,13.82,18.35,0.0,100,217,111622,3,0
13,5,0,5.19,164.79,43.94,22.52,100,217,140333,1,1
13,3,0,5.96,821.83,46.46,23.23,100,217,1427976,1,1
13,0,0,5.76,35.6,43.03,29.58,100,217,238405,1,1
13,0,0,5.17,17.29,35.29,0.0,100,217,262249,1,11
13,0,5,6.65,27.09,41.98,24.8,100,217,273667,1,1
13,0,0,4.76,14.92,14.3,2.07,100,217,3234,3,11
13,5,5,3.42,381.58,35.12,23.06,100,217,4009535,2,7
13,4,4,3.14,715.74,30.24,22.27,100,217,4820126,2,7
13,4,5,4.09,468.41,42.98,26.19,100,217,5015417,1,1
13,4,4,2.55,70.89,22.41,13.87,100,217,611034,2,11
13,0,0,1.2,10.14,0.0,0.0,100,217,979122,1,6
13,3,0,5.54,218.82,38.23,20.2,1000,217,184528,3,1
13,3,4,5.44,163.46,35.72,18.52,1000,217,18763,3,11
13,3,4,2.36,113.82,21.55,13.88,1000,217,226311,3,0
10,4,3,0.65,92.22,7.22,5.22,500,218,79952,0,6
10,0,3,0.65,92.22,7.22,5.22,500,218,79952,0,6
20,2,1,8.72,23.23,23.53,14.37,500,219,131531,2,11
29,0,0,2.36,45.54,37.28,15.96,100,220,98543,1,1
15,5,4,4.79,110.48,57.23,29.9,100,221,105444,1,1
15,4,5,3.02,166.22,41.67,19.91,100,221,39257,1,7
15,0,5,3.87,108.35,58.11,28.46,100,221,42283,1,7
1,4,3,1.93,63.16,12.58,8.33,100,222,139688,2,8
1,4,3,1.93,63.16,12.58,8.33,100,222,139688,2,8
1,2,1,5.89,941.69,33.97,11.62,100,222,62977,1,11
1,0,0,9.69,18.56,36.97,12.3,100,222,69993,1,11
1,2,2,4.9,1528.92,29.02,12.3,100,222,798334,2,11
27,5,5,1.95,69.99,14.88,10.55,500,223,1000683,2,0
27,3,4,5.01,621.23,34.6,20.82,500,223,2817246,1,1
27,0,4,8.01,350.91,44.59,28.82,500,223,28539,1,1
27,0,0,9.52,220.71,35.91,13.85,500,223,438745,1,11
15,0,3,0.53,1248.23,6.67,5.59,100,224,20081,0,2
15,4,3,0.57,67.5,7.26,5.96,100,224,205818,0,4
15,1,2,1.06,58.38,8.38,4.69,100,224,2454,0,6
15,4,4,0.58,34.91,7.08,5.54,100,224,24558,0,4
15,3,3,1.07,39.06,8.38,5.74,100,224,4353,0,6
15,5,0,0.57,38.8,7.26,5.95,1000,224,205818,0,4
13,0,0,0.87,14.9,8.13,0.0,100,225,10415,3,11
13,0,0,4.75,14.05,28.09,0.0,100,225,164828,3,11
32,0,0,3.95,14.15,23.62,0.0,500,226,11604,3,0
32,0,0,4.99,14.68,23.89,0.0,500,226,19284,3,11
32,2,3,5.08,172.8,27.27,14.39,500,226,1984818,3,11
32,0,0,5.34,15.11,35.99,0.0,500,226,24663,3,11
32,0,0,6.71,15.82,41.48,0.0,500,226,2887,3,11
32,0,0,4.01,11.27,19.75,0.0,500,226,3105,3,11
32,0,4,5.33,26.81,64.89,20.66,500,226,479182,3,3
32,0,0,5.5,17.65,37.51,0.0,500,226,51784,3,11
32,0,0,1.58,20.29,68.21,0.0,500,226,5186,3,11
32,5,4,0.54,33.19,7.73,5.92,500,226,602537,2,2
32,0,4,0.54,33.19,7.73,5.92,500,226,602537,2,2
32,0,4,3.37,24.69,60.73,22.58,500,226,797966,3,3
32,0,0,5.79,14.9,37.4,0.0,500,226,9369,3,11
16,4,3,5.99,156.21,51.34,23.76,100,227,392894,1,1
6,0,3,6.29,34.24,45.16,20.56,500,228,151957,1,1
6,0,0,4.41,14.17,0.0,0.0,500,228,153623,1,11
6,0,0,2.72,15.18,38.71,0.0,500,228,170044,1,11
6,3,3,5.4,106.23,47.51,22.36,500,228,222488,1,1
6,0,0,5.16,16.77,45.2,0.0,500,228,6192,1,11
6,0,0,0.0,0.0,0.0,0.0,500,228,0,1,0
11,5,4,0.64,46.82,7.92,6.3,100,229,1520967,0,4
11,0,4,4.75,38.99,26.9,16.04,100,229,158724,3,7
11,0,4,1.86,20.96,13.7,8.81,100,229,16168,3,8
11,4,4,1.51,79.29,15.67,10.73,100,229,33479,2,8
11,4,3,0.89,52.89,7.93,5.53,100,229,40931,0,6
11,0,0,1.62,11.73,11.68,0.0,100,229,421508,0,6
11,0,5,5.09,51.89,35.98,22.09,100,229,601624,3,7
11,4,2,0.87,22.6,8.07,5.9,100,229,766918,0,8
11,3,3,1.08,54.96,9.13,4.87,100,229,84329,0,6
2,0,2,8.16,27.16,37.8,12.17,100,230,1311055,1,11
2,3,2,6.94,115.69,46.26,18.68,100,230,3132158,1,11
2,3,1,6.37,62.11,31.48,9.97,100,230,3545186,1,11
2,0,0,4.24,16.58,36.74,0.0,1000,230,2345,3,11
2,0,0,4.15,14.55,0.0,0.0,500,230,637552,1,11
2,0,0,0.0,0.0,0.0,0.0,500,230,0,1,10
7,0,3,5.91,342.21,35.02,14.56,100,231,1351037,1,11
7,4,4,6.16,42.02,42.3,24.41,1000,231,1224775,1,12
7,0,3,9.02,116.57,43.75,20.73,1000,231,175996,1,1
7,3,2,5.99,260.47,41.06,17.06,1000,231,2503882,1,1
7,3,4,8.09,19.91,38.26,18.33,1000,231,255089,1,9
7,0,0,5.06,17.45,47.38,0.0,1000,231,27070,1,11
12,3,3,1.2,27.97,9.15,5.38,1000,232,16195,0,6
12,4,4,0.58,2464.84,7.33,6.0,1000,232,1841861,0,4
12,2,1,1.26,63.24,9.13,4.91,1000,232,19225,0,6
12,4,3,0.59,24.86,7.27,5.69,1000,232,223963,0,4
12,3,2,0.71,24.79,7.49,5.08,1000,232,378316,0,6
12,4,4,0.57,26.67,7.25,5.69,1000,232,45919,0,4
12,2,1,1.04,39.94,7.93,4.25,1000,232,4787,0,6
12,4,1,0.83,68.43,7.78,5.19,1000,232,617666,0,6
12,3,3,0.83,19.11,7.99,5.49,1000,232,81746,0,6
12,3,3,0.68,27.08,6.91,5.78,500,232,57389,0,6
12,3,3,3.71,56.08,33.13,14.8,500,232,585582,2,11
12,3,0,0.58,3556.28,7.33,5.67,5000,232,1841861,0,4
20,0,3,10.3,62.06,57.61,19.79,500,233,1172802,1,7
20,3,2,11.55,51.74,39.25,14.66,500,233,214216,1,11
20,2,0,0.0,18.22,0.0,0.0,500,233,41789,2,11
22,0,0,0.61,11.4,7.71,0.0,100,234,355608,3,4
22,0,0,0.68,11.34,8.04,0.0,100,234,41601,3,4
22,0,0,0.6,11.42,7.56,0.0,100,234,44485,3,4
19,0,0,4.99,17.29,25.36,0.0,500,235,31214,3,11
19,0,0,3.21,8.8,14.02,0.0,500,235,629,3,11
27,3,4,6.18,246.86,37.31,23.26,500,236,2151689,1,1
27,4,3,5.52,92.94,28.21,15.34,500,236,5163273,1,11
12,0,0,4.4,10.38,15.39,2.07,1000,237,10154,3,11
12,2,0,0.55,18.5,11.5,2.73,500,237,3496,3,11
12,0,0,2.38,7.2,1.71,0.19,500,237,4073,3,11
12,0,0,1.8,21.12,17.17,3.8,500,237,703,3,11
29,0,2,8.09,47.49,46.75,21.39,100,238,237144,1,1
29,4,3,6.23,378.59,51.17,25.02,100,238,904295,1,11
29,2,2,4.99,207.16,23.57,13.19,150,238,37163,3,11
29,2,3,5.06,156.85,27.01,14.14,150,238,89396,3,11
32,4,0,0.77,41.92,7.4,6.96,10000,239,288439,0,6
32,4,0,1.19,44.31,9.36,5.81,100000,239,64748,0,6
32,2,3,0.54,1410.47,6.86,5.34,500,239,136181,0,4
32,4,5,0.8,29.76,7.8,7.32,500,239,288439,0,6
32,4,3,1.11,29.2,8.54,10.99,500,239,45633,0,6
32,4,4,1.19,59.6,9.36,5.81,500,239,64748,0,6
28,1,0,5.62,224.5,27.31,15.18,100,240,167399,1,11
28,3,3,5.34,515.23,31.14,17.33,500,240,141124,1,7
7,0,3,0.53,1273.33,6.7,5.63,1000,241,12142,0,2
7,3,3,0.8,20.53,7.27,4.95,1000,241,13576,0,6
7,0,0,4.11,10.38,0.0,0.0,1000,241,143747,2,11
7,3,3,0.68,23.92,7.03,4.92,1000,241,34922,0,6
7,3,2,0.53,3596.73,6.6,5.24,500,241,55381,0,4
4,3,2,2.07,31.07,13.02,6.13,100,242,11693,2,8
4,2,3,9.87,87.42,43.47,18.04,100,242,174348,1,9
1,4,0,0.58,663.27,7.34,6.01,10000000,243,5199137,0,6
1,5,5,0.58,398.28,7.34,6.01,100,243,5199137,0,6
1,3,3,1.0,19.6,8.76,7.36,100,243,91425,0,8
1,5,4,0.59,515.23,7.45,6.1,1000,243,1372228,0,6
1,5,5,0.93,35.86,8.42,12.84,1000,243,189236,0,8
1,5,0,0.59,498.58,7.45,6.1,10000,243,1372228,0,6
1,4,0,0.58,646.45,7.34,6.01,10000,243,5199137,0,6
32,0,0,0.52,29.02,6.64,5.51,10000,244,24,0,2
32,0,0,0.52,29.49,7.04,5.69,10000,245,1041,0,2
32,0,0,0.55,32.3,6.95,5.64,10000,245,976,0,2
32,0,0,1.3,11.51,10.79,0.0,500,245,10322,0,6
32,0,0,0.98,11.54,9.02,0.0,500,245,32419,3,6
32,1,4,3.47,73.43,39.65,18.62,500,245,345961,2,0
32,0,0,0.61,11.29,8.13,0.0,500,245,8114,3,4
21,5,2,0.56,26.96,6.9,5.96,10,246,7032,0,6
21,0,0,0.46,10.72,6.13,0.0,10,246,928,0,2
22,3,4,0.7,32.56,7.92,6.39,100,247,102794,0,0
22,3,0,0.69,33.95,7.87,6.45,30000000,247,102794,0,0
4,3,3,0.76,18.01,7.47,5.11,100,248,1363346,0,6
4,4,4,0.7,23.12,7.39,5.46,100,248,1388795,0,6
4,3,2,0.83,43.0,7.76,4.62,100,248,15128,0,6
4,4,3,1.66,33.88,11.72,6.13,100,248,26475,0,6
4,4,2,1.62,32.72,11.11,5.7,100,248,271322,0,6
4,2,3,0.79,12.07,7.67,5.65,100,248,31976,0,6
4,3,2,1.05,62.0,8.3,4.52,100,248,47757,0,6
4,4,2,0.77,53.55,7.94,5.39,100,248,890866,0,6
20,0,0,6.49,18.71,58.36,0.0,500,249,148657,3,11
20,0,0,10.84,16.39,37.23,0.0,500,249,1744,3,11
20,0,3,5.43,38.53,46.82,25.69,500,249,186601,3,11
20,0,3,5.37,26.61,36.14,17.13,500,249,201889,3,3
20,0,0,2.56,8.95,0.0,0.0,500,249,225749,3,11
20,0,4,5.32,25.96,64.42,20.44,500,249,29241,3,3
20,0,0,3.32,18.67,53.69,0.0,500,249,3055,3,11
20,0,0,3.96,33.03,27.87,11.63,500,249,494733,3,11
20,0,2,5.06,21.28,27.07,14.11,500,249,57295,3,11
20,0,2,4.15,18.49,12.98,12.33,500,249,59997,3,11
20,0,2,7.85,39.96,52.05,25.32,500,249,8223,3,11
20,0,0,3.33,17.9,60.2,0.0,500,249,83083,3,11
20,0,0,2.94,25.77,68.07,0.0,500,249,84203,3,11
20,0,0,5.48,17.46,36.93,0.0,500,249,9454,3,11
14,5,3,7.13,139.28,50.44,22.68,100,250,1781705,1,1
14,0,0,8.46,18.97,53.6,0.0,500,250,211726,1,11
14,4,4,9.06,28.89,68.45,23.58,500,250,308048,1,9
14,3,4,10.25,42.82,60.19,27.78,500,250,509295,1,12
14,0,0,6.69,18.67,37.58,13.57,500,250,55204,1,11
27,0,4,8.54,421.68,50.36,21.48,500,251,320266,1,1
27,0,0,4.05,10.84,0.0,0.0,500,251,664897,1,11
29,0,0,5.73,11.82,0.0,0.0,150,252,5112,3,11
29,0,0,3.78,11.53,0.0,0.0,150,252,8541,3,0
9,3,3,6.67,88.98,42.39,19.85,100,253,365514,1,9
9,0,0,5.83,17.04,41.44,0.0,100,253,91231,1,11
32,0,3,9.08,289.35,56.86,19.27,500,254,116775,1,1
32,3,4,6.2,184.53,48.34,23.45,500,254,393111,1,1
32,0,0,3.15,48.54,21.8,13.19,500,254,470468,3,0
32,3,4,1.72,17.69,15.8,11.14,500,254,50312,2,6
32,4,4,4.97,407.4,33.89,18.51,500,254,618911,2,11
32,0,4,4.97,407.4,33.89,18.51,500,254,618911,2,11
10,4,0,2.58,28.21,14.04,2.15,500,255,24779,1,11
10,2,2,5.06,203.13,26.88,13.96,500,255,72835,3,11
25,4,4,1.77,42.13,60.0,30.93,1000,256,399092,1,1
25,5,5,3.47,407.92,45.32,24.53,500,256,1112471,1,7
12,4,4,6.44,111.78,48.58,25.6,500,257,1387164,1,11
12,3,3,7.32,89.66,44.76,28.03,500,257,1698289,1,12
12,3,3,4.89,51.3,53.68,31.34,500,257,280361,1,11
12,0,0,5.52,19.29,52.33,0.0,500,257,408838,1,11
12,0,4,7.0,225.4,45.88,21.45,500,257,507797,1,7
12,2,0,7.28,43.98,51.54,25.15,500,257,97693,1,11
12,3,3,7.04,403.1,58.96,24.17,500,258,1202131,1,1
11,0,0,0.66,11.44,7.96,0.0,100,259,129321,3,4
11,4,3,0.59,5380.44,7.51,6.15,100,259,2872537,0,4
11,0,0,0.66,11.17,8.1,0.0,100,259,4754,3,4
11,0,0,1.09,11.67,9.48,0.0,100,259,64888,3,6
8,3,3,5.95,352.14,31.35,13.85,100,260,1032286,2,11
8,4,4,1.59,91.17,10.5,6.4,100,260,121145,0,6
8,4,3,1.57,3209.6,9.95,6.21,100,260,150267,0,6
8,3,3,1.94,55.8,15.36,8.23,100,260,17841,2,8
8,0,0,0.77,11.65,8.37,0.0,100,260,227322,3,4
8,4,3,1.02,22.63,8.42,5.65,100,260,253314,0,6
8,2,0,1.1,20.43,9.18,4.87,100,260,544,0,6
22,0,3,3.2,20.33,31.48,16.21,100,261,409521,2,7
6,0,3,0.6,15.28,7.68,5.82,500,262,13011,2,2
6,0,4,0.54,1291.08,6.72,5.62,500,262,81643,0,2
31,0,0,6.88,16.47,38.29,0.0,500,263,109345,1,11
31,2,2,5.89,48.89,43.67,21.28,500,263,140699,1,1
31,0,0,5.78,15.93,35.0,0.0,500,263,14925,3,11
31,2,2,6.98,51.49,35.14,22.12,500,263,163244,1,12
31,0,4,5.56,52.01,32.44,15.74,500,263,230694,1,11
31,3,3,5.1,28.85,37.97,20.75,500,263,29289,1,1
31,2,3,4.99,24.19,28.06,13.68,500,263,4219,1,11
31,3,3,4.99,25.87,26.13,13.09,500,263,42655,1,11
31,2,3,5.79,26.32,34.08,17.06,500,263,86015,1,1
31,2,4,6.39,66.81,34.1,17.42,500,263,96901,1,7
22,0,0,5.83,14.91,46.32,0.0,100,264,214624,1,11
22,3,4,6.91,589.88,25.39,18.62,100,264,613844,1,11
22,3,3,5.65,123.83,30.52,17.98,100,264,888735,1,9
2,0,0,0.0,0.0,0.0,0.0,100,265,0,3,2
2,0,0,0.0,0.0,0.0,0.0,500,265,0,3,11
8,3,2,6.76,205.45,42.66,26.06,100,266,1657197,1,12
8,2,1,5.77,152.99,44.34,18.06,100,266,2006884,1,1
8,2,2,7.14,55.82,42.15,16.74,100,266,266724,1,9
8,0,3,7.64,40.87,57.09,19.74,100,266,293417,1,9
1,3,3,3.41,64.79,31.25,14.7,100,267,18117,3,11
1,2,2,3.96,53.35,33.47,16.59,100,267,22441,3,7
1,2,3,3.2,41.25,26.45,13.88,100,267,3708,3,0
1,0,0,0.0,28.8,0.0,0.0,1000,267,9319,1,11
1,3,3,2.4,32.86,19.46,11.21,500,267,1922,3,0
27,0,0,5.79,12.06,0.0,0.0,500,268,109761,3,11
32,3,3,6.77,16.53,37.65,17.29,500,269,287987,1,9
32,2,2,6.15,217.33,34.6,14.61,500,269,412116,1,11
32,4,1,6.4,62.29,42.85,17.08,500,269,72762,1,1
1,1,1,6.76,91.89,37.99,19.09,100,270,526918,1,12
7,4,4,5.67,63.14,33.46,14.65,100,271,1486972,1,11
7,0,0,6.99,19.14,40.74,24.18,1000,271,130877,1,1
7,0,0,5.45,14.7,42.86,0.0,1000,271,348646,1,11
7,3,3,3.65,165.49,64.67,31.45,1000,271,88699,1,11
7,4,3,6.42,180.82,36.67,16.05,500,271,904883,1,7
22,4,5,0.83,56.04,8.12,6.18,100,272,343689,0,6
22,4,0,1.11,85.11,8.62,5.59,100,272,35691,0,6
22,4,3,0.78,19.46,7.67,5.49,100,272,533737,0,6
22,4,3,0.72,49.36,7.74,5.49,100,272,697403,0,6
22,3,5,0.55,3806.35,7.02,5.81,100,272,75999,0,6
8,2,2,0.63,14.96,7.37,4.95,100,273,258891,0,6
8,3,3,0.82,76.44,7.86,5.45,100,273,37165,0,6
8,4,5,0.67,41.09,15.89,10.18,500,273,19112,0,8
19,0,0,6.08,15.65,30.69,0.0,500,274,227373,1,11
19,0,3,6.64,39.39,50.92,18.25,500,274,275876,1,1
17,0,0,4.56,17.43,48.89,0.0,1000,275,13696,1,11
17,2,3,4.85,57.66,31.34,13.48,1000,275,15763,1,11
17,2,2,4.98,40.39,48.16,19.01,1000,275,322066,1,1
17,3,4,2.92,51.91,76.07,33.55,1000,275,7251,1,11
17,0,0,2.64,13.28,16.75,0.0,1000,275,87209,2,8
